sample_id,sample_dir,exists,has_sequences,shape_sequences,dtype_sequences,has_dssp_labels,shape_dssp_labels,dtype_dssp_labels,has_dynamic_features,shape_dynamic_features,dtype_dynamic_features,has_contact_maps,shape_contact_maps,dtype_contact_maps,has_contact_features,shape_contact_features,dtype_contact_features,has_residue_features,shape_residue_features,dtype_residue_features,has_seq_masks,shape_seq_masks,dtype_seq_masks,has_y_masks,shape_y_masks,dtype_y_masks,has_sequence_times_ps,length,ready
0,/media/zj/f6835876-8873-4931-8383-70fe383c9b741/IDPss-output/preprocess_data_current_clean_300_model10v2_threshold50_65_78_20260605/0,True,True,30001,float32,True,6001x46,int64,True,6001x11,float32,True,6001x46x46,float32,True,6001x6,float32,True,46x55,float32,True,30001,int64,True,6001x46,int64,False,22.0,True
1,/media/zj/f6835876-8873-4931-8383-70fe383c9b741/IDPss-output/preprocess_data_current_clean_300_model10v2_threshold50_65_78_20260605/1,True,True,30001,float32,True,6001x46,int64,True,6001x11,float32,True,6001x46x46,float32,True,6001x6,float32,True,46x55,float32,True,30001,int64,True,6001x46,int64,False,22.0,True
2,/media/zj/f6835876-8873-4931-8383-70fe383c9b741/IDPss-output/preprocess_data_current_clean_300_model10v2_threshold50_65_78_20260605/2,True,True,30001,float32,True,6001x46,int64,True,6001x11,float32,True,6001x46x46,float32,True,6001x6,float32,True,46x55,float32,True,30001,int64,True,6001x46,int64,False,22.0,True
3,/media/zj/f6835876-8873-4931-8383-70fe383c9b741/IDPss-output/preprocess_data_current_clean_300_model10v2_threshold50_65_78_20260605/3,True,True,30001,float32,True,6001x46,int64,True,6001x11,float32,True,6001x46x46,float32,True,6001x6,float32,True,46x55,float32,True,30001,int64,True,6001x46,int64,False,22.0,True
4,/media/zj/f6835876-8873-4931-8383-70fe383c9b741/IDPss-output/preprocess_data_current_clean_300_model10v2_threshold50_65_78_20260605/4,True,True,30001,float32,True,6001x46,int64,True,6001x11,float32,True,6001x46x46,float32,True,6001x6,float32,True,46x55,float32,True,30001,int64,True,6001x46,int64,False,22.0,True
5,/media/zj/f6835876-8873-4931-8383-70fe383c9b741/IDPss-output/preprocess_data_current_clean_300_model10v2_threshold50_65_78_20260605/5,True,True,30001,float32,True,6001x46,int64,True,6001x11,float32,True,6001x46x46,float32,True,6001x6,float32,True,46x55,float32,True,30001,int64,True,6001x46,int64,False,22.0,True
6,/media/zj/f6835876-8873-4931-8383-70fe383c9b741/IDPss-output/preprocess_data_current_clean_300_model10v2_threshold50_65_78_20260605/6,True,True,30001,float32,True,6001x46,int64,True,6001x11,float32,True,6001x46x46,float32,True,6001x6,float32,True,46x55,float32,True,30001,int64,True,6001x46,int64,False,22.0,True
7,/media/zj/f6835876-8873-4931-8383-70fe383c9b741/IDPss-output/preprocess_data_current_clean_300_model10v2_threshold50_65_78_20260605/7,True,True,28938,float32,True,5788x46,int64,True,5788x11,float32,True,5788x46x46,float32,True,5788x6,float32,True,46x55,float32,True,28938,int64,True,5788x46,int64,False,22.0,True
8,/media/zj/f6835876-8873-4931-8383-70fe383c9b741/IDPss-output/preprocess_data_current_clean_300_model10v2_threshold50_65_78_20260605/8,True,True,30001,float32,True,6001x46,int64,True,6001x11,float32,True,6001x46x46,float32,True,6001x6,float32,True,46x55,float32,True,30001,int64,True,6001x46,int64,False,22.0,True
9,/media/zj/f6835876-8873-4931-8383-70fe383c9b741/IDPss-output/preprocess_data_current_clean_300_model10v2_threshold50_65_78_20260605/9,True,True,30001,float32,True,6001x46,int64,True,6001x11,float32,True,6001x46x46,float32,True,6001x6,float32,True,46x55,float32,True,30001,int64,True,6001x46,int64,False,22.0,True
10,/media/zj/f6835876-8873-4931-8383-70fe383c9b741/IDPss-output/preprocess_data_current_clean_300_model10v2_threshold50_65_78_20260605/10,True,True,30001,float32,True,6001x46,int64,True,6001x11,float32,True,6001x46x46,float32,True,6001x6,float32,True,46x55,float32,True,30001,int64,True,6001x46,int64,False,22.0,True
11,/media/zj/f6835876-8873-4931-8383-70fe383c9b741/IDPss-output/preprocess_data_current_clean_300_model10v2_threshold50_65_78_20260605/11,True,True,30001,float32,True,6001x46,int64,True,6001x11,float32,True,6001x46x46,float32,True,6001x6,float32,True,46x55,float32,True,30001,int64,True,6001x46,int64,False,22.0,True
12,/media/zj/f6835876-8873-4931-8383-70fe383c9b741/IDPss-output/preprocess_data_current_clean_300_model10v2_threshold50_65_78_20260605/12,True,True,30001,float32,True,6001x46,int64,True,6001x11,float32,True,6001x46x46,float32,True,6001x6,float32,True,46x55,float32,True,30001,int64,True,6001x46,int64,False,22.0,True
13,/media/zj/f6835876-8873-4931-8383-70fe383c9b741/IDPss-output/preprocess_data_current_clean_300_model10v2_threshold50_65_78_20260605/13,True,True,30001,float32,True,6001x46,int64,True,6001x11,float32,True,6001x46x46,float32,True,6001x6,float32,True,46x55,float32,True,30001,int64,True,6001x46,int64,False,22.0,True
14,/media/zj/f6835876-8873-4931-8383-70fe383c9b741/IDPss-output/preprocess_data_current_clean_300_model10v2_threshold50_65_78_20260605/14,True,True,30001,float32,True,6001x46,int64,True,6001x11,float32,True,6001x46x46,float32,True,6001x6,float32,True,46x55,float32,True,30001,int64,True,6001x46,int64,False,22.0,True
15,/media/zj/f6835876-8873-4931-8383-70fe383c9b741/IDPss-output/preprocess_data_current_clean_300_model10v2_threshold50_65_78_20260605/15,True,True,30001,float32,True,6001x46,int64,True,6001x11,float32,True,6001x46x46,float32,True,6001x6,float32,True,46x55,float32,True,30001,int64,True,6001x46,int64,False,22.0,True
16,/media/zj/f6835876-8873-4931-8383-70fe383c9b741/IDPss-output/preprocess_data_current_clean_300_model10v2_threshold50_65_78_20260605/16,True,True,30001,float32,True,6001x46,int64,True,6001x11,float32,True,6001x46x46,float32,True,6001x6,float32,True,46x55,float32,True,30001,int64,True,6001x46,int64,False,22.0,True
17,/media/zj/f6835876-8873-4931-8383-70fe383c9b741/IDPss-output/preprocess_data_current_clean_300_model10v2_threshold50_65_78_20260605/17,True,True,30001,float32,True,6001x46,int64,True,6001x11,float32,True,6001x46x46,float32,True,6001x6,float32,True,46x55,float32,True,30001,int64,True,6001x46,int64,False,22.0,True
18,/media/zj/f6835876-8873-4931-8383-70fe383c9b741/IDPss-output/preprocess_data_current_clean_300_model10v2_threshold50_65_78_20260605/18,True,True,30001,float32,True,6001x46,int64,True,6001x11,float32,True,6001x46x46,float32,True,6001x6,float32,True,46x55,float32,True,30001,int64,True,6001x46,int64,False,22.0,True
19,/media/zj/f6835876-8873-4931-8383-70fe383c9b741/IDPss-output/preprocess_data_current_clean_300_model10v2_threshold50_65_78_20260605/19,True,True,30001,float32,True,6001x46,int64,True,6001x11,float32,True,6001x46x46,float32,True,6001x6,float32,True,46x55,float32,True,30001,int64,True,6001x46,int64,False,22.0,True
20,/media/zj/f6835876-8873-4931-8383-70fe383c9b741/IDPss-output/preprocess_data_current_clean_300_model10v2_threshold50_65_78_20260605/20,True,True,30001,float32,True,6001x46,int64,True,6001x11,float32,True,6001x46x46,float32,True,6001x6,float32,True,46x55,float32,True,30001,int64,True,6001x46,int64,False,22.0,True
21,/media/zj/f6835876-8873-4931-8383-70fe383c9b741/IDPss-output/preprocess_data_current_clean_300_model10v2_threshold50_65_78_20260605/21,True,True,30001,float32,True,6001x46,int64,True,6001x11,float32,True,6001x46x46,float32,True,6001x6,float32,True,46x55,float32,True,30001,int64,True,6001x46,int64,False,22.0,True
22,/media/zj/f6835876-8873-4931-8383-70fe383c9b741/IDPss-output/preprocess_data_current_clean_300_model10v2_threshold50_65_78_20260605/22,True,True,30001,float32,True,6001x46,int64,True,6001x11,float32,True,6001x46x46,float32,True,6001x6,float32,True,46x55,float32,True,30001,int64,True,6001x46,int64,False,22.0,True
23,/media/zj/f6835876-8873-4931-8383-70fe383c9b741/IDPss-output/preprocess_data_current_clean_300_model10v2_threshold50_65_78_20260605/23,True,True,30001,float32,True,6001x46,int64,True,6001x11,float32,True,6001x46x46,float32,True,6001x6,float32,True,46x55,float32,True,30001,int64,True,6001x46,int64,False,22.0,True
24,/media/zj/f6835876-8873-4931-8383-70fe383c9b741/IDPss-output/preprocess_data_current_clean_300_model10v2_threshold50_65_78_20260605/24,True,True,30001,float32,True,6001x46,int64,True,6001x11,float32,True,6001x46x46,float32,True,6001x6,float32,True,46x55,float32,True,30001,int64,True,6001x46,int64,False,22.0,True
25,/media/zj/f6835876-8873-4931-8383-70fe383c9b741/IDPss-output/preprocess_data_current_clean_300_model10v2_threshold50_65_78_20260605/25,True,True,30001,float32,True,6001x46,int64,True,6001x11,float32,True,6001x46x46,float32,True,6001x6,float32,True,46x55,float32,True,30001,int64,True,6001x46,int64,False,22.0,True
26,/media/zj/f6835876-8873-4931-8383-70fe383c9b741/IDPss-output/preprocess_data_current_clean_300_model10v2_threshold50_65_78_20260605/26,True,True,30001,float32,True,6001x46,int64,True,6001x11,float32,True,6001x46x46,float32,True,6001x6,float32,True,46x55,float32,True,30001,int64,True,6001x46,int64,False,22.0,True
27,/media/zj/f6835876-8873-4931-8383-70fe383c9b741/IDPss-output/preprocess_data_current_clean_300_model10v2_threshold50_65_78_20260605/27,True,True,30001,float32,True,6001x46,int64,True,6001x11,float32,True,6001x46x46,float32,True,6001x6,float32,True,46x55,float32,True,30001,int64,True,6001x46,int64,False,22.0,True
28,/media/zj/f6835876-8873-4931-8383-70fe383c9b741/IDPss-output/preprocess_data_current_clean_300_model10v2_threshold50_65_78_20260605/28,True,True,30001,float32,True,6001x46,int64,True,6001x11,float32,True,6001x46x46,float32,True,6001x6,float32,True,46x55,float32,True,30001,int64,True,6001x46,int64,False,22.0,True
29,/media/zj/f6835876-8873-4931-8383-70fe383c9b741/IDPss-output/preprocess_data_current_clean_300_model10v2_threshold50_65_78_20260605/29,True,True,30001,float32,True,6001x46,int64,True,6001x11,float32,True,6001x46x46,float32,True,6001x6,float32,True,46x55,float32,True,30001,int64,True,6001x46,int64,False,22.0,True
30,/media/zj/f6835876-8873-4931-8383-70fe383c9b741/IDPss-output/preprocess_data_current_clean_300_model10v2_threshold50_65_78_20260605/30,True,True,30001,float32,True,6001x46,int64,True,6001x11,float32,True,6001x46x46,float32,True,6001x6,float32,True,46x55,float32,True,30001,int64,True,6001x46,int64,False,22.0,True
31,/media/zj/f6835876-8873-4931-8383-70fe383c9b741/IDPss-output/preprocess_data_current_clean_300_model10v2_threshold50_65_78_20260605/31,True,True,30001,float32,True,6001x46,int64,True,6001x11,float32,True,6001x46x46,float32,True,6001x6,float32,True,46x55,float32,True,30001,int64,True,6001x46,int64,False,22.0,True
32,/media/zj/f6835876-8873-4931-8383-70fe383c9b741/IDPss-output/preprocess_data_current_clean_300_model10v2_threshold50_65_78_20260605/32,True,True,30001,float32,True,6001x46,int64,True,6001x11,float32,True,6001x46x46,float32,True,6001x6,float32,True,46x55,float32,True,30001,int64,True,6001x46,int64,False,22.0,True
33,/media/zj/f6835876-8873-4931-8383-70fe383c9b741/IDPss-output/preprocess_data_current_clean_300_model10v2_threshold50_65_78_20260605/33,True,True,30001,float32,True,6001x46,int64,True,6001x11,float32,True,6001x46x46,float32,True,6001x6,float32,True,46x55,float32,True,30001,int64,True,6001x46,int64,False,22.0,True
34,/media/zj/f6835876-8873-4931-8383-70fe383c9b741/IDPss-output/preprocess_data_current_clean_300_model10v2_threshold50_65_78_20260605/34,True,True,30001,float32,True,6001x46,int64,True,6001x11,float32,True,6001x46x46,float32,True,6001x6,float32,True,46x55,float32,True,30001,int64,True,6001x46,int64,False,22.0,True
35,/media/zj/f6835876-8873-4931-8383-70fe383c9b741/IDPss-output/preprocess_data_current_clean_300_model10v2_threshold50_65_78_20260605/35,True,True,30001,float32,True,6001x46,int64,True,6001x11,float32,True,6001x46x46,float32,True,6001x6,float32,True,46x55,float32,True,30001,int64,True,6001x46,int64,False,22.0,True
36,/media/zj/f6835876-8873-4931-8383-70fe383c9b741/IDPss-output/preprocess_data_current_clean_300_model10v2_threshold50_65_78_20260605/36,True,True,30001,float32,True,6001x46,int64,True,6001x11,float32,True,6001x46x46,float32,True,6001x6,float32,True,46x55,float32,True,30001,int64,True,6001x46,int64,False,22.0,True
37,/media/zj/f6835876-8873-4931-8383-70fe383c9b741/IDPss-output/preprocess_data_current_clean_300_model10v2_threshold50_65_78_20260605/37,True,True,30001,float32,True,6001x46,int64,True,6001x11,float32,True,6001x46x46,float32,True,6001x6,float32,True,46x55,float32,True,30001,int64,True,6001x46,int64,False,22.0,True
38,/media/zj/f6835876-8873-4931-8383-70fe383c9b741/IDPss-output/preprocess_data_current_clean_300_model10v2_threshold50_65_78_20260605/38,True,True,30001,float32,True,6001x46,int64,True,6001x11,float32,True,6001x46x46,float32,True,6001x6,float32,True,46x55,float32,True,30001,int64,True,6001x46,int64,False,22.0,True
39,/media/zj/f6835876-8873-4931-8383-70fe383c9b741/IDPss-output/preprocess_data_current_clean_300_model10v2_threshold50_65_78_20260605/39,True,True,30001,float32,True,6001x46,int64,True,6001x11,float32,True,6001x46x46,float32,True,6001x6,float32,True,46x55,float32,True,30001,int64,True,6001x46,int64,False,22.0,True
40,/media/zj/f6835876-8873-4931-8383-70fe383c9b741/IDPss-output/preprocess_data_current_clean_300_model10v2_threshold50_65_78_20260605/40,True,True,30001,float32,True,6001x46,int64,True,6001x11,float32,True,6001x46x46,float32,True,6001x6,float32,True,46x55,float32,True,30001,int64,True,6001x46,int64,False,22.0,True
41,/media/zj/f6835876-8873-4931-8383-70fe383c9b741/IDPss-output/preprocess_data_current_clean_300_model10v2_threshold50_65_78_20260605/41,True,True,30001,float32,True,6001x46,int64,True,6001x11,float32,True,6001x46x46,float32,True,6001x6,float32,True,46x55,float32,True,30001,int64,True,6001x46,int64,False,22.0,True
42,/media/zj/f6835876-8873-4931-8383-70fe383c9b741/IDPss-output/preprocess_data_current_clean_300_model10v2_threshold50_65_78_20260605/42,True,True,30001,float32,True,6001x46,int64,True,6001x11,float32,True,6001x46x46,float32,True,6001x6,float32,True,46x55,float32,True,30001,int64,True,6001x46,int64,False,22.0,True
43,/media/zj/f6835876-8873-4931-8383-70fe383c9b741/IDPss-output/preprocess_data_current_clean_300_model10v2_threshold50_65_78_20260605/43,True,True,30001,float32,True,6001x46,int64,True,6001x11,float32,True,6001x46x46,float32,True,6001x6,float32,True,46x55,float32,True,30001,int64,True,6001x46,int64,False,22.0,True
44,/media/zj/f6835876-8873-4931-8383-70fe383c9b741/IDPss-output/preprocess_data_current_clean_300_model10v2_threshold50_65_78_20260605/44,True,True,30001,float32,True,6001x46,int64,True,6001x11,float32,True,6001x46x46,float32,True,6001x6,float32,True,46x55,float32,True,30001,int64,True,6001x46,int64,False,22.0,True
45,/media/zj/f6835876-8873-4931-8383-70fe383c9b741/IDPss-output/preprocess_data_current_clean_300_model10v2_threshold50_65_78_20260605/45,True,True,30001,float32,True,6001x46,int64,True,6001x11,float32,True,6001x46x46,float32,True,6001x6,float32,True,46x55,float32,True,30001,int64,True,6001x46,int64,False,22.0,True
46,/media/zj/f6835876-8873-4931-8383-70fe383c9b741/IDPss-output/preprocess_data_current_clean_300_model10v2_threshold50_65_78_20260605/46,True,True,30001,float32,True,6001x46,int64,True,6001x11,float32,True,6001x46x46,float32,True,6001x6,float32,True,46x55,float32,True,30001,int64,True,6001x46,int64,False,22.0,True
47,/media/zj/f6835876-8873-4931-8383-70fe383c9b741/IDPss-output/preprocess_data_current_clean_300_model10v2_threshold50_65_78_20260605/47,True,True,30001,float32,True,6001x46,int64,True,6001x11,float32,True,6001x46x46,float32,True,6001x6,float32,True,46x55,float32,True,30001,int64,True,6001x46,int64,False,22.0,True
48,/media/zj/f6835876-8873-4931-8383-70fe383c9b741/IDPss-output/preprocess_data_current_clean_300_model10v2_threshold50_65_78_20260605/48,True,True,30001,float32,True,6001x46,int64,True,6001x11,float32,True,6001x46x46,float32,True,6001x6,float32,True,46x55,float32,True,30001,int64,True,6001x46,int64,False,22.0,True
49,/media/zj/f6835876-8873-4931-8383-70fe383c9b741/IDPss-output/preprocess_data_current_clean_300_model10v2_threshold50_65_78_20260605/49,True,True,30001,float32,True,6001x46,int64,True,6001x11,float32,True,6001x46x46,float32,True,6001x6,float32,True,46x55,float32,True,30001,int64,True,6001x46,int64,False,22.0,True
50,/media/zj/f6835876-8873-4931-8383-70fe383c9b741/IDPss-output/preprocess_data_current_clean_300_model10v2_threshold50_65_78_20260605/50,True,True,30001,float32,True,6001x46,int64,True,6001x11,float32,True,6001x46x46,float32,True,6001x6,float32,True,46x55,float32,True,30001,int64,True,6001x46,int64,False,22.0,True
51,/media/zj/f6835876-8873-4931-8383-70fe383c9b741/IDPss-output/preprocess_data_current_clean_300_model10v2_threshold50_65_78_20260605/51,True,True,30001,float32,True,6001x46,int64,True,6001x11,float32,True,6001x46x46,float32,True,6001x6,float32,True,46x55,float32,True,30001,int64,True,6001x46,int64,False,22.0,True
52,/media/zj/f6835876-8873-4931-8383-70fe383c9b741/IDPss-output/preprocess_data_current_clean_300_model10v2_threshold50_65_78_20260605/52,True,True,30001,float32,True,6001x46,int64,True,6001x11,float32,True,6001x46x46,float32,True,6001x6,float32,True,46x55,float32,True,30001,int64,True,6001x46,int64,False,22.0,True
53,/media/zj/f6835876-8873-4931-8383-70fe383c9b741/IDPss-output/preprocess_data_current_clean_300_model10v2_threshold50_65_78_20260605/53,True,True,30001,float32,True,6001x46,int64,True,6001x11,float32,True,6001x46x46,float32,True,6001x6,float32,True,46x55,float32,True,30001,int64,True,6001x46,int64,False,22.0,True
54,/media/zj/f6835876-8873-4931-8383-70fe383c9b741/IDPss-output/preprocess_data_current_clean_300_model10v2_threshold50_65_78_20260605/54,True,True,30001,float32,True,6001x46,int64,True,6001x11,float32,True,6001x46x46,float32,True,6001x6,float32,True,46x55,float32,True,30001,int64,True,6001x46,int64,False,22.0,True
55,/media/zj/f6835876-8873-4931-8383-70fe383c9b741/IDPss-output/preprocess_data_current_clean_300_model10v2_threshold50_65_78_20260605/55,True,True,30001,float32,True,6001x46,int64,True,6001x11,float32,True,6001x46x46,float32,True,6001x6,float32,True,46x55,float32,True,30001,int64,True,6001x46,int64,False,22.0,True
56,/media/zj/f6835876-8873-4931-8383-70fe383c9b741/IDPss-output/preprocess_data_current_clean_300_model10v2_threshold50_65_78_20260605/56,True,True,30001,float32,True,6001x46,int64,True,6001x11,float32,True,6001x46x46,float32,True,6001x6,float32,True,46x55,float32,True,30001,int64,True,6001x46,int64,False,22.0,True
57,/media/zj/f6835876-8873-4931-8383-70fe383c9b741/IDPss-output/preprocess_data_current_clean_300_model10v2_threshold50_65_78_20260605/57,True,True,30001,float32,True,6001x46,int64,True,6001x11,float32,True,6001x46x46,float32,True,6001x6,float32,True,46x55,float32,True,30001,int64,True,6001x46,int64,False,22.0,True
58,/media/zj/f6835876-8873-4931-8383-70fe383c9b741/IDPss-output/preprocess_data_current_clean_300_model10v2_threshold50_65_78_20260605/58,True,True,30001,float32,True,6001x46,int64,True,6001x11,float32,True,6001x46x46,float32,True,6001x6,float32,True,46x55,float32,True,30001,int64,True,6001x46,int64,False,22.0,True
59,/media/zj/f6835876-8873-4931-8383-70fe383c9b741/IDPss-output/preprocess_data_current_clean_300_model10v2_threshold50_65_78_20260605/59,True,True,30001,float32,True,6001x46,int64,True,6001x11,float32,True,6001x46x46,float32,True,6001x6,float32,True,46x55,float32,True,30001,int64,True,6001x46,int64,False,22.0,True
60,/media/zj/f6835876-8873-4931-8383-70fe383c9b741/IDPss-output/preprocess_data_current_clean_300_model10v2_threshold50_65_78_20260605/60,True,True,30001,float32,True,6001x46,int64,True,6001x11,float32,True,6001x46x46,float32,True,6001x6,float32,True,46x55,float32,True,30001,int64,True,6001x46,int64,False,22.0,True
61,/media/zj/f6835876-8873-4931-8383-70fe383c9b741/IDPss-output/preprocess_data_current_clean_300_model10v2_threshold50_65_78_20260605/61,True,True,30001,float32,True,6001x46,int64,True,6001x11,float32,True,6001x46x46,float32,True,6001x6,float32,True,46x55,float32,True,30001,int64,True,6001x46,int64,False,22.0,True
62,/media/zj/f6835876-8873-4931-8383-70fe383c9b741/IDPss-output/preprocess_data_current_clean_300_model10v2_threshold50_65_78_20260605/62,True,True,30001,float32,True,6001x46,int64,True,6001x11,float32,True,6001x46x46,float32,True,6001x6,float32,True,46x55,float32,True,30001,int64,True,6001x46,int64,False,22.0,True
63,/media/zj/f6835876-8873-4931-8383-70fe383c9b741/IDPss-output/preprocess_data_current_clean_300_model10v2_threshold50_65_78_20260605/63,True,True,30001,float32,True,6001x46,int64,True,6001x11,float32,True,6001x46x46,float32,True,6001x6,float32,True,46x55,float32,True,30001,int64,True,6001x46,int64,False,22.0,True
64,/media/zj/f6835876-8873-4931-8383-70fe383c9b741/IDPss-output/preprocess_data_current_clean_300_model10v2_threshold50_65_78_20260605/64,True,True,30001,float32,True,6001x46,int64,True,6001x11,float32,True,6001x46x46,float32,True,6001x6,float32,True,46x55,float32,True,30001,int64,True,6001x46,int64,False,22.0,True
65,/media/zj/f6835876-8873-4931-8383-70fe383c9b741/IDPss-output/preprocess_data_current_clean_300_model10v2_threshold50_65_78_20260605/65,True,True,30001,float32,True,6001x46,int64,True,6001x11,float32,True,6001x46x46,float32,True,6001x6,float32,True,46x55,float32,True,30001,int64,True,6001x46,int64,False,22.0,True
66,/media/zj/f6835876-8873-4931-8383-70fe383c9b741/IDPss-output/preprocess_data_current_clean_300_model10v2_threshold50_65_78_20260605/66,True,True,30001,float32,True,6001x46,int64,True,6001x11,float32,True,6001x46x46,float32,True,6001x6,float32,True,46x55,float32,True,30001,int64,True,6001x46,int64,False,22.0,True
67,/media/zj/f6835876-8873-4931-8383-70fe383c9b741/IDPss-output/preprocess_data_current_clean_300_model10v2_threshold50_65_78_20260605/67,True,True,30001,float32,True,6001x46,int64,True,6001x11,float32,True,6001x46x46,float32,True,6001x6,float32,True,46x55,float32,True,30001,int64,True,6001x46,int64,False,22.0,True
68,/media/zj/f6835876-8873-4931-8383-70fe383c9b741/IDPss-output/preprocess_data_current_clean_300_model10v2_threshold50_65_78_20260605/68,True,True,30001,float32,True,6001x46,int64,True,6001x11,float32,True,6001x46x46,float32,True,6001x6,float32,True,46x55,float32,True,30001,int64,True,6001x46,int64,False,22.0,True
69,/media/zj/f6835876-8873-4931-8383-70fe383c9b741/IDPss-output/preprocess_data_current_clean_300_model10v2_threshold50_65_78_20260605/69,True,True,30001,float32,True,6001x46,int64,True,6001x11,float32,True,6001x46x46,float32,True,6001x6,float32,True,46x55,float32,True,30001,int64,True,6001x46,int64,False,22.0,True
70,/media/zj/f6835876-8873-4931-8383-70fe383c9b741/IDPss-output/preprocess_data_current_clean_300_model10v2_threshold50_65_78_20260605/70,True,True,30001,float32,True,6001x46,int64,True,6001x11,float32,True,6001x46x46,float32,True,6001x6,float32,True,46x55,float32,True,30001,int64,True,6001x46,int64,False,22.0,True
71,/media/zj/f6835876-8873-4931-8383-70fe383c9b741/IDPss-output/preprocess_data_current_clean_300_model10v2_threshold50_65_78_20260605/71,True,True,30001,float32,True,6001x46,int64,True,6001x11,float32,True,6001x46x46,float32,True,6001x6,float32,True,46x55,float32,True,30001,int64,True,6001x46,int64,False,22.0,True
72,/media/zj/f6835876-8873-4931-8383-70fe383c9b741/IDPss-output/preprocess_data_current_clean_300_model10v2_threshold50_65_78_20260605/72,True,True,30001,float32,True,6001x46,int64,True,6001x11,float32,True,6001x46x46,float32,True,6001x6,float32,True,46x55,float32,True,30001,int64,True,6001x46,int64,False,22.0,True
73,/media/zj/f6835876-8873-4931-8383-70fe383c9b741/IDPss-output/preprocess_data_current_clean_300_model10v2_threshold50_65_78_20260605/73,True,True,30001,float32,True,6001x46,int64,True,6001x11,float32,True,6001x46x46,float32,True,6001x6,float32,True,46x55,float32,True,30001,int64,True,6001x46,int64,False,22.0,True
74,/media/zj/f6835876-8873-4931-8383-70fe383c9b741/IDPss-output/preprocess_data_current_clean_300_model10v2_threshold50_65_78_20260605/74,True,True,30001,float32,True,6001x46,int64,True,6001x11,float32,True,6001x46x46,float32,True,6001x6,float32,True,46x55,float32,True,30001,int64,True,6001x46,int64,False,22.0,True
75,/media/zj/f6835876-8873-4931-8383-70fe383c9b741/IDPss-output/preprocess_data_current_clean_300_model10v2_threshold50_65_78_20260605/75,True,True,30001,float32,True,6001x46,int64,True,6001x11,float32,True,6001x46x46,float32,True,6001x6,float32,True,46x55,float32,True,30001,int64,True,6001x46,int64,False,22.0,True
76,/media/zj/f6835876-8873-4931-8383-70fe383c9b741/IDPss-output/preprocess_data_current_clean_300_model10v2_threshold50_65_78_20260605/76,True,True,30001,float32,True,6001x46,int64,True,6001x11,float32,True,6001x46x46,float32,True,6001x6,float32,True,46x55,float32,True,30001,int64,True,6001x46,int64,False,22.0,True
77,/media/zj/f6835876-8873-4931-8383-70fe383c9b741/IDPss-output/preprocess_data_current_clean_300_model10v2_threshold50_65_78_20260605/77,True,True,30001,float32,True,6001x46,int64,True,6001x11,float32,True,6001x46x46,float32,True,6001x6,float32,True,46x55,float32,True,30001,int64,True,6001x46,int64,False,22.0,True
78,/media/zj/f6835876-8873-4931-8383-70fe383c9b741/IDPss-output/preprocess_data_current_clean_300_model10v2_threshold50_65_78_20260605/78,True,True,30001,float32,True,6001x46,int64,True,6001x11,float32,True,6001x46x46,float32,True,6001x6,float32,True,46x55,float32,True,30001,int64,True,6001x46,int64,False,22.0,True
79,/media/zj/f6835876-8873-4931-8383-70fe383c9b741/IDPss-output/preprocess_data_current_clean_300_model10v2_threshold50_65_78_20260605/79,True,True,30001,float32,True,6001x46,int64,True,6001x11,float32,True,6001x46x46,float32,True,6001x6,float32,True,46x55,float32,True,30001,int64,True,6001x46,int64,False,22.0,True
80,/media/zj/f6835876-8873-4931-8383-70fe383c9b741/IDPss-output/preprocess_data_current_clean_300_model10v2_threshold50_65_78_20260605/80,True,True,30001,float32,True,6001x46,int64,True,6001x11,float32,True,6001x46x46,float32,True,6001x6,float32,True,46x55,float32,True,30001,int64,True,6001x46,int64,False,22.0,True
81,/media/zj/f6835876-8873-4931-8383-70fe383c9b741/IDPss-output/preprocess_data_current_clean_300_model10v2_threshold50_65_78_20260605/81,True,True,30001,float32,True,6001x46,int64,True,6001x11,float32,True,6001x46x46,float32,True,6001x6,float32,True,46x55,float32,True,30001,int64,True,6001x46,int64,False,22.0,True
82,/media/zj/f6835876-8873-4931-8383-70fe383c9b741/IDPss-output/preprocess_data_current_clean_300_model10v2_threshold50_65_78_20260605/82,True,True,30001,float32,True,6001x46,int64,True,6001x11,float32,True,6001x46x46,float32,True,6001x6,float32,True,46x55,float32,True,30001,int64,True,6001x46,int64,False,22.0,True
83,/media/zj/f6835876-8873-4931-8383-70fe383c9b741/IDPss-output/preprocess_data_current_clean_300_model10v2_threshold50_65_78_20260605/83,True,True,30001,float32,True,6001x46,int64,True,6001x11,float32,True,6001x46x46,float32,True,6001x6,float32,True,46x55,float32,True,30001,int64,True,6001x46,int64,False,22.0,True
84,/media/zj/f6835876-8873-4931-8383-70fe383c9b741/IDPss-output/preprocess_data_current_clean_300_model10v2_threshold50_65_78_20260605/84,True,True,30001,float32,True,6001x46,int64,True,6001x11,float32,True,6001x46x46,float32,True,6001x6,float32,True,46x55,float32,True,30001,int64,True,6001x46,int64,False,22.0,True
85,/media/zj/f6835876-8873-4931-8383-70fe383c9b741/IDPss-output/preprocess_data_current_clean_300_model10v2_threshold50_65_78_20260605/85,True,True,30001,float32,True,6001x46,int64,True,6001x11,float32,True,6001x46x46,float32,True,6001x6,float32,True,46x55,float32,True,30001,int64,True,6001x46,int64,False,22.0,True
86,/media/zj/f6835876-8873-4931-8383-70fe383c9b741/IDPss-output/preprocess_data_current_clean_300_model10v2_threshold50_65_78_20260605/86,True,True,30001,float32,True,6001x46,int64,True,6001x11,float32,True,6001x46x46,float32,True,6001x6,float32,True,46x55,float32,True,30001,int64,True,6001x46,int64,False,22.0,True
87,/media/zj/f6835876-8873-4931-8383-70fe383c9b741/IDPss-output/preprocess_data_current_clean_300_model10v2_threshold50_65_78_20260605/87,True,True,30001,float32,True,6001x46,int64,True,6001x11,float32,True,6001x46x46,float32,True,6001x6,float32,True,46x55,float32,True,30001,int64,True,6001x46,int64,False,22.0,True
88,/media/zj/f6835876-8873-4931-8383-70fe383c9b741/IDPss-output/preprocess_data_current_clean_300_model10v2_threshold50_65_78_20260605/88,True,True,30001,float32,True,6001x46,int64,True,6001x11,float32,True,6001x46x46,float32,True,6001x6,float32,True,46x55,float32,True,30001,int64,True,6001x46,int64,False,22.0,True
89,/media/zj/f6835876-8873-4931-8383-70fe383c9b741/IDPss-output/preprocess_data_current_clean_300_model10v2_threshold50_65_78_20260605/89,True,True,30001,float32,True,6001x46,int64,True,6001x11,float32,True,6001x46x46,float32,True,6001x6,float32,True,46x55,float32,True,30001,int64,True,6001x46,int64,False,22.0,True
90,/media/zj/f6835876-8873-4931-8383-70fe383c9b741/IDPss-output/preprocess_data_current_clean_300_model10v2_threshold50_65_78_20260605/90,True,True,30001,float32,True,6001x46,int64,True,6001x11,float32,True,6001x46x46,float32,True,6001x6,float32,True,46x55,float32,True,30001,int64,True,6001x46,int64,False,22.0,True
91,/media/zj/f6835876-8873-4931-8383-70fe383c9b741/IDPss-output/preprocess_data_current_clean_300_model10v2_threshold50_65_78_20260605/91,True,True,30001,float32,True,6001x46,int64,True,6001x11,float32,True,6001x46x46,float32,True,6001x6,float32,True,46x55,float32,True,30001,int64,True,6001x46,int64,False,22.0,True
92,/media/zj/f6835876-8873-4931-8383-70fe383c9b741/IDPss-output/preprocess_data_current_clean_300_model10v2_threshold50_65_78_20260605/92,True,True,30001,float32,True,6001x46,int64,True,6001x11,float32,True,6001x46x46,float32,True,6001x6,float32,True,46x55,float32,True,30001,int64,True,6001x46,int64,False,22.0,True
93,/media/zj/f6835876-8873-4931-8383-70fe383c9b741/IDPss-output/preprocess_data_current_clean_300_model10v2_threshold50_65_78_20260605/93,True,True,30001,float32,True,6001x46,int64,True,6001x11,float32,True,6001x46x46,float32,True,6001x6,float32,True,46x55,float32,True,30001,int64,True,6001x46,int64,False,22.0,True
94,/media/zj/f6835876-8873-4931-8383-70fe383c9b741/IDPss-output/preprocess_data_current_clean_300_model10v2_threshold50_65_78_20260605/94,True,True,30001,float32,True,6001x46,int64,True,6001x11,float32,True,6001x46x46,float32,True,6001x6,float32,True,46x55,float32,True,30001,int64,True,6001x46,int64,False,22.0,True
95,/media/zj/f6835876-8873-4931-8383-70fe383c9b741/IDPss-output/preprocess_data_current_clean_300_model10v2_threshold50_65_78_20260605/95,True,True,30001,float32,True,6001x46,int64,True,6001x11,float32,True,6001x46x46,float32,True,6001x6,float32,True,46x55,float32,True,30001,int64,True,6001x46,int64,False,22.0,True
96,/media/zj/f6835876-8873-4931-8383-70fe383c9b741/IDPss-output/preprocess_data_current_clean_300_model10v2_threshold50_65_78_20260605/96,True,True,30001,float32,True,6001x46,int64,True,6001x11,float32,True,6001x46x46,float32,True,6001x6,float32,True,46x55,float32,True,30001,int64,True,6001x46,int64,False,22.0,True
97,/media/zj/f6835876-8873-4931-8383-70fe383c9b741/IDPss-output/preprocess_data_current_clean_300_model10v2_threshold50_65_78_20260605/97,True,True,30001,float32,True,6001x46,int64,True,6001x11,float32,True,6001x46x46,float32,True,6001x6,float32,True,46x55,float32,True,30001,int64,True,6001x46,int64,False,22.0,True
98,/media/zj/f6835876-8873-4931-8383-70fe383c9b741/IDPss-output/preprocess_data_current_clean_300_model10v2_threshold50_65_78_20260605/98,True,True,30001,float32,True,6001x46,int64,True,6001x11,float32,True,6001x46x46,float32,True,6001x6,float32,True,46x55,float32,True,30001,int64,True,6001x46,int64,False,22.0,True
99,/media/zj/f6835876-8873-4931-8383-70fe383c9b741/IDPss-output/preprocess_data_current_clean_300_model10v2_threshold50_65_78_20260605/99,True,True,30001,float32,True,6001x46,int64,True,6001x11,float32,True,6001x46x46,float32,True,6001x6,float32,True,46x55,float32,True,30001,int64,True,6001x46,int64,False,22.0,True
100,/media/zj/f6835876-8873-4931-8383-70fe383c9b741/IDPss-output/preprocess_data_current_clean_300_model10v2_threshold50_65_78_20260605/100,True,True,30001,float32,True,6001x46,int64,True,6001x11,float32,True,6001x46x46,float32,True,6001x6,float32,True,46x55,float32,True,30001,int64,True,6001x46,int64,False,22.0,True
101,/media/zj/f6835876-8873-4931-8383-70fe383c9b741/IDPss-output/preprocess_data_current_clean_300_model10v2_threshold50_65_78_20260605/101,True,True,30001,float32,True,6001x46,int64,True,6001x11,float32,True,6001x46x46,float32,True,6001x6,float32,True,46x55,float32,True,30001,int64,True,6001x46,int64,False,22.0,True
102,/media/zj/f6835876-8873-4931-8383-70fe383c9b741/IDPss-output/preprocess_data_current_clean_300_model10v2_threshold50_65_78_20260605/102,True,True,30001,float32,True,6001x46,int64,True,6001x11,float32,True,6001x46x46,float32,True,6001x6,float32,True,46x55,float32,True,30001,int64,True,6001x46,int64,False,22.0,True
103,/media/zj/f6835876-8873-4931-8383-70fe383c9b741/IDPss-output/preprocess_data_current_clean_300_model10v2_threshold50_65_78_20260605/103,True,True,30001,float32,True,6001x46,int64,True,6001x11,float32,True,6001x46x46,float32,True,6001x6,float32,True,46x55,float32,True,30001,int64,True,6001x46,int64,False,22.0,True
104,/media/zj/f6835876-8873-4931-8383-70fe383c9b741/IDPss-output/preprocess_data_current_clean_300_model10v2_threshold50_65_78_20260605/104,True,True,30001,float32,True,6001x46,int64,True,6001x11,float32,True,6001x46x46,float32,True,6001x6,float32,True,46x55,float32,True,30001,int64,True,6001x46,int64,False,22.0,True
105,/media/zj/f6835876-8873-4931-8383-70fe383c9b741/IDPss-output/preprocess_data_current_clean_300_model10v2_threshold50_65_78_20260605/105,True,True,30001,float32,True,6001x46,int64,True,6001x11,float32,True,6001x46x46,float32,True,6001x6,float32,True,46x55,float32,True,30001,int64,True,6001x46,int64,False,22.0,True
106,/media/zj/f6835876-8873-4931-8383-70fe383c9b741/IDPss-output/preprocess_data_current_clean_300_model10v2_threshold50_65_78_20260605/106,True,True,30001,float32,True,6001x46,int64,True,6001x11,float32,True,6001x46x46,float32,True,6001x6,float32,True,46x55,float32,True,30001,int64,True,6001x46,int64,False,22.0,True
107,/media/zj/f6835876-8873-4931-8383-70fe383c9b741/IDPss-output/preprocess_data_current_clean_300_model10v2_threshold50_65_78_20260605/107,True,True,30001,float32,True,6001x46,int64,True,6001x11,float32,True,6001x46x46,float32,True,6001x6,float32,True,46x55,float32,True,30001,int64,True,6001x46,int64,False,22.0,True
108,/media/zj/f6835876-8873-4931-8383-70fe383c9b741/IDPss-output/preprocess_data_current_clean_300_model10v2_threshold50_65_78_20260605/108,True,True,30001,float32,True,6001x46,int64,True,6001x11,float32,True,6001x46x46,float32,True,6001x6,float32,True,46x55,float32,True,30001,int64,True,6001x46,int64,False,22.0,True
109,/media/zj/f6835876-8873-4931-8383-70fe383c9b741/IDPss-output/preprocess_data_current_clean_300_model10v2_threshold50_65_78_20260605/109,True,True,30001,float32,True,6001x46,int64,True,6001x11,float32,True,6001x46x46,float32,True,6001x6,float32,True,46x55,float32,True,30001,int64,True,6001x46,int64,False,22.0,True
110,/media/zj/f6835876-8873-4931-8383-70fe383c9b741/IDPss-output/preprocess_data_current_clean_300_model10v2_threshold50_65_78_20260605/110,True,True,30001,float32,True,6001x46,int64,True,6001x11,float32,True,6001x46x46,float32,True,6001x6,float32,True,46x55,float32,True,30001,int64,True,6001x46,int64,False,22.0,True
111,/media/zj/f6835876-8873-4931-8383-70fe383c9b741/IDPss-output/preprocess_data_current_clean_300_model10v2_threshold50_65_78_20260605/111,True,True,35001,float32,True,7001x46,int64,True,7001x11,float32,True,7001x46x46,float32,True,7001x6,float32,True,46x55,float32,True,35001,int64,True,7001x46,int64,False,36.0,True
112,/media/zj/f6835876-8873-4931-8383-70fe383c9b741/IDPss-output/preprocess_data_current_clean_300_model10v2_threshold50_65_78_20260605/112,True,True,35001,float32,True,7001x46,int64,True,7001x11,float32,True,7001x46x46,float32,True,7001x6,float32,True,46x55,float32,True,35001,int64,True,7001x46,int64,False,36.0,True
113,/media/zj/f6835876-8873-4931-8383-70fe383c9b741/IDPss-output/preprocess_data_current_clean_300_model10v2_threshold50_65_78_20260605/113,True,True,35001,float32,True,7001x46,int64,True,7001x11,float32,True,7001x46x46,float32,True,7001x6,float32,True,46x55,float32,True,35001,int64,True,7001x46,int64,False,36.0,True
114,/media/zj/f6835876-8873-4931-8383-70fe383c9b741/IDPss-output/preprocess_data_current_clean_300_model10v2_threshold50_65_78_20260605/114,True,True,35001,float32,True,7001x46,int64,True,7001x11,float32,True,7001x46x46,float32,True,7001x6,float32,True,46x55,float32,True,35001,int64,True,7001x46,int64,False,36.0,True
115,/media/zj/f6835876-8873-4931-8383-70fe383c9b741/IDPss-output/preprocess_data_current_clean_300_model10v2_threshold50_65_78_20260605/115,True,True,35001,float32,True,7001x46,int64,True,7001x11,float32,True,7001x46x46,float32,True,7001x6,float32,True,46x55,float32,True,35001,int64,True,7001x46,int64,False,36.0,True
116,/media/zj/f6835876-8873-4931-8383-70fe383c9b741/IDPss-output/preprocess_data_current_clean_300_model10v2_threshold50_65_78_20260605/116,True,True,35001,float32,True,7001x46,int64,True,7001x11,float32,True,7001x46x46,float32,True,7001x6,float32,True,46x55,float32,True,35001,int64,True,7001x46,int64,False,36.0,True
117,/media/zj/f6835876-8873-4931-8383-70fe383c9b741/IDPss-output/preprocess_data_current_clean_300_model10v2_threshold50_65_78_20260605/117,True,True,35001,float32,True,7001x46,int64,True,7001x11,float32,True,7001x46x46,float32,True,7001x6,float32,True,46x55,float32,True,35001,int64,True,7001x46,int64,False,36.0,True
118,/media/zj/f6835876-8873-4931-8383-70fe383c9b741/IDPss-output/preprocess_data_current_clean_300_model10v2_threshold50_65_78_20260605/118,True,True,35001,float32,True,7001x46,int64,True,7001x11,float32,True,7001x46x46,float32,True,7001x6,float32,True,46x55,float32,True,35001,int64,True,7001x46,int64,False,36.0,True
119,/media/zj/f6835876-8873-4931-8383-70fe383c9b741/IDPss-output/preprocess_data_current_clean_300_model10v2_threshold50_65_78_20260605/119,True,True,35001,float32,True,7001x46,int64,True,7001x11,float32,True,7001x46x46,float32,True,7001x6,float32,True,46x55,float32,True,35001,int64,True,7001x46,int64,False,36.0,True
120,/media/zj/f6835876-8873-4931-8383-70fe383c9b741/IDPss-output/preprocess_data_current_clean_300_model10v2_threshold50_65_78_20260605/120,True,True,35001,float32,True,7001x46,int64,True,7001x11,float32,True,7001x46x46,float32,True,7001x6,float32,True,46x55,float32,True,35001,int64,True,7001x46,int64,False,36.0,True
121,/media/zj/f6835876-8873-4931-8383-70fe383c9b741/IDPss-output/preprocess_data_current_clean_300_model10v2_threshold50_65_78_20260605/121,True,True,35001,float32,True,7001x46,int64,True,7001x11,float32,True,7001x46x46,float32,True,7001x6,float32,True,46x55,float32,True,35001,int64,True,7001x46,int64,False,36.0,True
122,/media/zj/f6835876-8873-4931-8383-70fe383c9b741/IDPss-output/preprocess_data_current_clean_300_model10v2_threshold50_65_78_20260605/122,True,True,35001,float32,True,7001x46,int64,True,7001x11,float32,True,7001x46x46,float32,True,7001x6,float32,True,46x55,float32,True,35001,int64,True,7001x46,int64,False,36.0,True
123,/media/zj/f6835876-8873-4931-8383-70fe383c9b741/IDPss-output/preprocess_data_current_clean_300_model10v2_threshold50_65_78_20260605/123,True,True,35001,float32,True,7001x46,int64,True,7001x11,float32,True,7001x46x46,float32,True,7001x6,float32,True,46x55,float32,True,35001,int64,True,7001x46,int64,False,36.0,True
124,/media/zj/f6835876-8873-4931-8383-70fe383c9b741/IDPss-output/preprocess_data_current_clean_300_model10v2_threshold50_65_78_20260605/124,True,True,35001,float32,True,7001x46,int64,True,7001x11,float32,True,7001x46x46,float32,True,7001x6,float32,True,46x55,float32,True,35001,int64,True,7001x46,int64,False,36.0,True
125,/media/zj/f6835876-8873-4931-8383-70fe383c9b741/IDPss-output/preprocess_data_current_clean_300_model10v2_threshold50_65_78_20260605/125,True,True,35001,float32,True,7001x46,int64,True,7001x11,float32,True,7001x46x46,float32,True,7001x6,float32,True,46x55,float32,True,35001,int64,True,7001x46,int64,False,36.0,True
126,/media/zj/f6835876-8873-4931-8383-70fe383c9b741/IDPss-output/preprocess_data_current_clean_300_model10v2_threshold50_65_78_20260605/126,True,True,35001,float32,True,7001x46,int64,True,7001x11,float32,True,7001x46x46,float32,True,7001x6,float32,True,46x55,float32,True,35001,int64,True,7001x46,int64,False,36.0,True
127,/media/zj/f6835876-8873-4931-8383-70fe383c9b741/IDPss-output/preprocess_data_current_clean_300_model10v2_threshold50_65_78_20260605/127,True,True,35001,float32,True,7001x46,int64,True,7001x11,float32,True,7001x46x46,float32,True,7001x6,float32,True,46x55,float32,True,35001,int64,True,7001x46,int64,False,36.0,True
128,/media/zj/f6835876-8873-4931-8383-70fe383c9b741/IDPss-output/preprocess_data_current_clean_300_model10v2_threshold50_65_78_20260605/128,True,True,35001,float32,True,7001x46,int64,True,7001x11,float32,True,7001x46x46,float32,True,7001x6,float32,True,46x55,float32,True,35001,int64,True,7001x46,int64,False,36.0,True
129,/media/zj/f6835876-8873-4931-8383-70fe383c9b741/IDPss-output/preprocess_data_current_clean_300_model10v2_threshold50_65_78_20260605/129,True,True,35001,float32,True,7001x46,int64,True,7001x11,float32,True,7001x46x46,float32,True,7001x6,float32,True,46x55,float32,True,35001,int64,True,7001x46,int64,False,36.0,True
130,/media/zj/f6835876-8873-4931-8383-70fe383c9b741/IDPss-output/preprocess_data_current_clean_300_model10v2_threshold50_65_78_20260605/130,True,True,35001,float32,True,7001x46,int64,True,7001x11,float32,True,7001x46x46,float32,True,7001x6,float32,True,46x55,float32,True,35001,int64,True,7001x46,int64,False,36.0,True
131,/media/zj/f6835876-8873-4931-8383-70fe383c9b741/IDPss-output/preprocess_data_current_clean_300_model10v2_threshold50_65_78_20260605/131,True,True,35001,float32,True,7001x46,int64,True,7001x11,float32,True,7001x46x46,float32,True,7001x6,float32,True,46x55,float32,True,35001,int64,True,7001x46,int64,False,36.0,True
132,/media/zj/f6835876-8873-4931-8383-70fe383c9b741/IDPss-output/preprocess_data_current_clean_300_model10v2_threshold50_65_78_20260605/132,True,True,35001,float32,True,7001x46,int64,True,7001x11,float32,True,7001x46x46,float32,True,7001x6,float32,True,46x55,float32,True,35001,int64,True,7001x46,int64,False,36.0,True
133,/media/zj/f6835876-8873-4931-8383-70fe383c9b741/IDPss-output/preprocess_data_current_clean_300_model10v2_threshold50_65_78_20260605/133,True,True,35001,float32,True,7001x46,int64,True,7001x11,float32,True,7001x46x46,float32,True,7001x6,float32,True,46x55,float32,True,35001,int64,True,7001x46,int64,False,36.0,True
134,/media/zj/f6835876-8873-4931-8383-70fe383c9b741/IDPss-output/preprocess_data_current_clean_300_model10v2_threshold50_65_78_20260605/134,True,True,35001,float32,True,7001x46,int64,True,7001x11,float32,True,7001x46x46,float32,True,7001x6,float32,True,46x55,float32,True,35001,int64,True,7001x46,int64,False,36.0,True
135,/media/zj/f6835876-8873-4931-8383-70fe383c9b741/IDPss-output/preprocess_data_current_clean_300_model10v2_threshold50_65_78_20260605/135,True,True,35001,float32,True,7001x46,int64,True,7001x11,float32,True,7001x46x46,float32,True,7001x6,float32,True,46x55,float32,True,35001,int64,True,7001x46,int64,False,36.0,True
136,/media/zj/f6835876-8873-4931-8383-70fe383c9b741/IDPss-output/preprocess_data_current_clean_300_model10v2_threshold50_65_78_20260605/136,True,True,35001,float32,True,7001x46,int64,True,7001x11,float32,True,7001x46x46,float32,True,7001x6,float32,True,46x55,float32,True,35001,int64,True,7001x46,int64,False,36.0,True
137,/media/zj/f6835876-8873-4931-8383-70fe383c9b741/IDPss-output/preprocess_data_current_clean_300_model10v2_threshold50_65_78_20260605/137,True,True,35001,float32,True,7001x46,int64,True,7001x11,float32,True,7001x46x46,float32,True,7001x6,float32,True,46x55,float32,True,35001,int64,True,7001x46,int64,False,36.0,True
138,/media/zj/f6835876-8873-4931-8383-70fe383c9b741/IDPss-output/preprocess_data_current_clean_300_model10v2_threshold50_65_78_20260605/138,True,True,35001,float32,True,7001x46,int64,True,7001x11,float32,True,7001x46x46,float32,True,7001x6,float32,True,46x55,float32,True,35001,int64,True,7001x46,int64,False,36.0,True
139,/media/zj/f6835876-8873-4931-8383-70fe383c9b741/IDPss-output/preprocess_data_current_clean_300_model10v2_threshold50_65_78_20260605/139,True,True,35001,float32,True,7001x46,int64,True,7001x11,float32,True,7001x46x46,float32,True,7001x6,float32,True,46x55,float32,True,35001,int64,True,7001x46,int64,False,36.0,True
140,/media/zj/f6835876-8873-4931-8383-70fe383c9b741/IDPss-output/preprocess_data_current_clean_300_model10v2_threshold50_65_78_20260605/140,True,True,35001,float32,True,7001x46,int64,True,7001x11,float32,True,7001x46x46,float32,True,7001x6,float32,True,46x55,float32,True,35001,int64,True,7001x46,int64,False,36.0,True
141,/media/zj/f6835876-8873-4931-8383-70fe383c9b741/IDPss-output/preprocess_data_current_clean_300_model10v2_threshold50_65_78_20260605/141,True,True,35001,float32,True,7001x46,int64,True,7001x11,float32,True,7001x46x46,float32,True,7001x6,float32,True,46x55,float32,True,35001,int64,True,7001x46,int64,False,36.0,True
142,/media/zj/f6835876-8873-4931-8383-70fe383c9b741/IDPss-output/preprocess_data_current_clean_300_model10v2_threshold50_65_78_20260605/142,True,True,35001,float32,True,7001x46,int64,True,7001x11,float32,True,7001x46x46,float32,True,7001x6,float32,True,46x55,float32,True,35001,int64,True,7001x46,int64,False,36.0,True
143,/media/zj/f6835876-8873-4931-8383-70fe383c9b741/IDPss-output/preprocess_data_current_clean_300_model10v2_threshold50_65_78_20260605/143,True,True,35001,float32,True,7001x46,int64,True,7001x11,float32,True,7001x46x46,float32,True,7001x6,float32,True,46x55,float32,True,35001,int64,True,7001x46,int64,False,36.0,True
144,/media/zj/f6835876-8873-4931-8383-70fe383c9b741/IDPss-output/preprocess_data_current_clean_300_model10v2_threshold50_65_78_20260605/144,True,True,35001,float32,True,7001x46,int64,True,7001x11,float32,True,7001x46x46,float32,True,7001x6,float32,True,46x55,float32,True,35001,int64,True,7001x46,int64,False,36.0,True
145,/media/zj/f6835876-8873-4931-8383-70fe383c9b741/IDPss-output/preprocess_data_current_clean_300_model10v2_threshold50_65_78_20260605/145,True,True,35001,float32,True,7001x46,int64,True,7001x11,float32,True,7001x46x46,float32,True,7001x6,float32,True,46x55,float32,True,35001,int64,True,7001x46,int64,False,36.0,True
146,/media/zj/f6835876-8873-4931-8383-70fe383c9b741/IDPss-output/preprocess_data_current_clean_300_model10v2_threshold50_65_78_20260605/146,True,True,35001,float32,True,7001x46,int64,True,7001x11,float32,True,7001x46x46,float32,True,7001x6,float32,True,46x55,float32,True,35001,int64,True,7001x46,int64,False,36.0,True
147,/media/zj/f6835876-8873-4931-8383-70fe383c9b741/IDPss-output/preprocess_data_current_clean_300_model10v2_threshold50_65_78_20260605/147,True,True,35001,float32,True,7001x46,int64,True,7001x11,float32,True,7001x46x46,float32,True,7001x6,float32,True,46x55,float32,True,35001,int64,True,7001x46,int64,False,36.0,True
148,/media/zj/f6835876-8873-4931-8383-70fe383c9b741/IDPss-output/preprocess_data_current_clean_300_model10v2_threshold50_65_78_20260605/148,True,True,35001,float32,True,7001x46,int64,True,7001x11,float32,True,7001x46x46,float32,True,7001x6,float32,True,46x55,float32,True,35001,int64,True,7001x46,int64,False,36.0,True
149,/media/zj/f6835876-8873-4931-8383-70fe383c9b741/IDPss-output/preprocess_data_current_clean_300_model10v2_threshold50_65_78_20260605/149,True,True,35001,float32,True,7001x46,int64,True,7001x11,float32,True,7001x46x46,float32,True,7001x6,float32,True,46x55,float32,True,35001,int64,True,7001x46,int64,False,36.0,True
150,/media/zj/f6835876-8873-4931-8383-70fe383c9b741/IDPss-output/preprocess_data_current_clean_300_model10v2_threshold50_65_78_20260605/150,True,True,35001,float32,True,7001x46,int64,True,7001x11,float32,True,7001x46x46,float32,True,7001x6,float32,True,46x55,float32,True,35001,int64,True,7001x46,int64,False,36.0,True
151,/media/zj/f6835876-8873-4931-8383-70fe383c9b741/IDPss-output/preprocess_data_current_clean_300_model10v2_threshold50_65_78_20260605/151,True,True,35001,float32,True,7001x46,int64,True,7001x11,float32,True,7001x46x46,float32,True,7001x6,float32,True,46x55,float32,True,35001,int64,True,7001x46,int64,False,36.0,True
152,/media/zj/f6835876-8873-4931-8383-70fe383c9b741/IDPss-output/preprocess_data_current_clean_300_model10v2_threshold50_65_78_20260605/152,True,True,35001,float32,True,7001x46,int64,True,7001x11,float32,True,7001x46x46,float32,True,7001x6,float32,True,46x55,float32,True,35001,int64,True,7001x46,int64,False,36.0,True
153,/media/zj/f6835876-8873-4931-8383-70fe383c9b741/IDPss-output/preprocess_data_current_clean_300_model10v2_threshold50_65_78_20260605/153,True,True,35001,float32,True,7001x46,int64,True,7001x11,float32,True,7001x46x46,float32,True,7001x6,float32,True,46x55,float32,True,35001,int64,True,7001x46,int64,False,36.0,True
154,/media/zj/f6835876-8873-4931-8383-70fe383c9b741/IDPss-output/preprocess_data_current_clean_300_model10v2_threshold50_65_78_20260605/154,True,True,35001,float32,True,7001x46,int64,True,7001x11,float32,True,7001x46x46,float32,True,7001x6,float32,True,46x55,float32,True,35001,int64,True,7001x46,int64,False,36.0,True
155,/media/zj/f6835876-8873-4931-8383-70fe383c9b741/IDPss-output/preprocess_data_current_clean_300_model10v2_threshold50_65_78_20260605/155,True,True,35001,float32,True,7001x46,int64,True,7001x11,float32,True,7001x46x46,float32,True,7001x6,float32,True,46x55,float32,True,35001,int64,True,7001x46,int64,False,36.0,True
156,/media/zj/f6835876-8873-4931-8383-70fe383c9b741/IDPss-output/preprocess_data_current_clean_300_model10v2_threshold50_65_78_20260605/156,True,True,35001,float32,True,7001x46,int64,True,7001x11,float32,True,7001x46x46,float32,True,7001x6,float32,True,46x55,float32,True,35001,int64,True,7001x46,int64,False,36.0,True
157,/media/zj/f6835876-8873-4931-8383-70fe383c9b741/IDPss-output/preprocess_data_current_clean_300_model10v2_threshold50_65_78_20260605/157,True,True,35001,float32,True,7001x46,int64,True,7001x11,float32,True,7001x46x46,float32,True,7001x6,float32,True,46x55,float32,True,35001,int64,True,7001x46,int64,False,36.0,True
158,/media/zj/f6835876-8873-4931-8383-70fe383c9b741/IDPss-output/preprocess_data_current_clean_300_model10v2_threshold50_65_78_20260605/158,True,True,35001,float32,True,7001x46,int64,True,7001x11,float32,True,7001x46x46,float32,True,7001x6,float32,True,46x55,float32,True,35001,int64,True,7001x46,int64,False,36.0,True
159,/media/zj/f6835876-8873-4931-8383-70fe383c9b741/IDPss-output/preprocess_data_current_clean_300_model10v2_threshold50_65_78_20260605/159,True,True,35001,float32,True,7001x46,int64,True,7001x11,float32,True,7001x46x46,float32,True,7001x6,float32,True,46x55,float32,True,35001,int64,True,7001x46,int64,False,36.0,True
160,/media/zj/f6835876-8873-4931-8383-70fe383c9b741/IDPss-output/preprocess_data_current_clean_300_model10v2_threshold50_65_78_20260605/160,True,True,35001,float32,True,7001x46,int64,True,7001x11,float32,True,7001x46x46,float32,True,7001x6,float32,True,46x55,float32,True,35001,int64,True,7001x46,int64,False,36.0,True
161,/media/zj/f6835876-8873-4931-8383-70fe383c9b741/IDPss-output/preprocess_data_current_clean_300_model10v2_threshold50_65_78_20260605/161,True,True,35001,float32,True,7001x46,int64,True,7001x11,float32,True,7001x46x46,float32,True,7001x6,float32,True,46x55,float32,True,35001,int64,True,7001x46,int64,False,36.0,True
162,/media/zj/f6835876-8873-4931-8383-70fe383c9b741/IDPss-output/preprocess_data_current_clean_300_model10v2_threshold50_65_78_20260605/162,True,True,35001,float32,True,7001x46,int64,True,7001x11,float32,True,7001x46x46,float32,True,7001x6,float32,True,46x55,float32,True,35001,int64,True,7001x46,int64,False,36.0,True
163,/media/zj/f6835876-8873-4931-8383-70fe383c9b741/IDPss-output/preprocess_data_current_clean_300_model10v2_threshold50_65_78_20260605/163,True,True,35001,float32,True,7001x46,int64,True,7001x11,float32,True,7001x46x46,float32,True,7001x6,float32,True,46x55,float32,True,35001,int64,True,7001x46,int64,False,36.0,True
164,/media/zj/f6835876-8873-4931-8383-70fe383c9b741/IDPss-output/preprocess_data_current_clean_300_model10v2_threshold50_65_78_20260605/164,True,True,35001,float32,True,7001x46,int64,True,7001x11,float32,True,7001x46x46,float32,True,7001x6,float32,True,46x55,float32,True,35001,int64,True,7001x46,int64,False,36.0,True
165,/media/zj/f6835876-8873-4931-8383-70fe383c9b741/IDPss-output/preprocess_data_current_clean_300_model10v2_threshold50_65_78_20260605/165,True,True,35001,float32,True,7001x46,int64,True,7001x11,float32,True,7001x46x46,float32,True,7001x6,float32,True,46x55,float32,True,35001,int64,True,7001x46,int64,False,36.0,True
166,/media/zj/f6835876-8873-4931-8383-70fe383c9b741/IDPss-output/preprocess_data_current_clean_300_model10v2_threshold50_65_78_20260605/166,True,True,35001,float32,True,7001x46,int64,True,7001x11,float32,True,7001x46x46,float32,True,7001x6,float32,True,46x55,float32,True,35001,int64,True,7001x46,int64,False,36.0,True
167,/media/zj/f6835876-8873-4931-8383-70fe383c9b741/IDPss-output/preprocess_data_current_clean_300_model10v2_threshold50_65_78_20260605/167,True,True,35001,float32,True,7001x46,int64,True,7001x11,float32,True,7001x46x46,float32,True,7001x6,float32,True,46x55,float32,True,35001,int64,True,7001x46,int64,False,36.0,True
168,/media/zj/f6835876-8873-4931-8383-70fe383c9b741/IDPss-output/preprocess_data_current_clean_300_model10v2_threshold50_65_78_20260605/168,True,True,35001,float32,True,7001x46,int64,True,7001x11,float32,True,7001x46x46,float32,True,7001x6,float32,True,46x55,float32,True,35001,int64,True,7001x46,int64,False,36.0,True
169,/media/zj/f6835876-8873-4931-8383-70fe383c9b741/IDPss-output/preprocess_data_current_clean_300_model10v2_threshold50_65_78_20260605/169,True,True,35001,float32,True,7001x46,int64,True,7001x11,float32,True,7001x46x46,float32,True,7001x6,float32,True,46x55,float32,True,35001,int64,True,7001x46,int64,False,36.0,True
170,/media/zj/f6835876-8873-4931-8383-70fe383c9b741/IDPss-output/preprocess_data_current_clean_300_model10v2_threshold50_65_78_20260605/170,True,True,35001,float32,True,7001x46,int64,True,7001x11,float32,True,7001x46x46,float32,True,7001x6,float32,True,46x55,float32,True,35001,int64,True,7001x46,int64,False,36.0,True
171,/media/zj/f6835876-8873-4931-8383-70fe383c9b741/IDPss-output/preprocess_data_current_clean_300_model10v2_threshold50_65_78_20260605/171,True,True,35001,float32,True,7001x46,int64,True,7001x11,float32,True,7001x46x46,float32,True,7001x6,float32,True,46x55,float32,True,35001,int64,True,7001x46,int64,False,36.0,True
172,/media/zj/f6835876-8873-4931-8383-70fe383c9b741/IDPss-output/preprocess_data_current_clean_300_model10v2_threshold50_65_78_20260605/172,True,True,35001,float32,True,7001x46,int64,True,7001x11,float32,True,7001x46x46,float32,True,7001x6,float32,True,46x55,float32,True,35001,int64,True,7001x46,int64,False,36.0,True
173,/media/zj/f6835876-8873-4931-8383-70fe383c9b741/IDPss-output/preprocess_data_current_clean_300_model10v2_threshold50_65_78_20260605/173,True,True,35001,float32,True,7001x46,int64,True,7001x11,float32,True,7001x46x46,float32,True,7001x6,float32,True,46x55,float32,True,35001,int64,True,7001x46,int64,False,36.0,True
174,/media/zj/f6835876-8873-4931-8383-70fe383c9b741/IDPss-output/preprocess_data_current_clean_300_model10v2_threshold50_65_78_20260605/174,True,True,35001,float32,True,7001x46,int64,True,7001x11,float32,True,7001x46x46,float32,True,7001x6,float32,True,46x55,float32,True,35001,int64,True,7001x46,int64,False,36.0,True
175,/media/zj/f6835876-8873-4931-8383-70fe383c9b741/IDPss-output/preprocess_data_current_clean_300_model10v2_threshold50_65_78_20260605/175,True,True,35001,float32,True,7001x46,int64,True,7001x11,float32,True,7001x46x46,float32,True,7001x6,float32,True,46x55,float32,True,35001,int64,True,7001x46,int64,False,36.0,True
176,/media/zj/f6835876-8873-4931-8383-70fe383c9b741/IDPss-output/preprocess_data_current_clean_300_model10v2_threshold50_65_78_20260605/176,True,True,35001,float32,True,7001x46,int64,True,7001x11,float32,True,7001x46x46,float32,True,7001x6,float32,True,46x55,float32,True,35001,int64,True,7001x46,int64,False,36.0,True
177,/media/zj/f6835876-8873-4931-8383-70fe383c9b741/IDPss-output/preprocess_data_current_clean_300_model10v2_threshold50_65_78_20260605/177,True,True,35001,float32,True,7001x46,int64,True,7001x11,float32,True,7001x46x46,float32,True,7001x6,float32,True,46x55,float32,True,35001,int64,True,7001x46,int64,False,36.0,True
178,/media/zj/f6835876-8873-4931-8383-70fe383c9b741/IDPss-output/preprocess_data_current_clean_300_model10v2_threshold50_65_78_20260605/178,True,True,35001,float32,True,7001x46,int64,True,7001x11,float32,True,7001x46x46,float32,True,7001x6,float32,True,46x55,float32,True,35001,int64,True,7001x46,int64,False,36.0,True
179,/media/zj/f6835876-8873-4931-8383-70fe383c9b741/IDPss-output/preprocess_data_current_clean_300_model10v2_threshold50_65_78_20260605/179,True,True,35001,float32,True,7001x46,int64,True,7001x11,float32,True,7001x46x46,float32,True,7001x6,float32,True,46x55,float32,True,35001,int64,True,7001x46,int64,False,36.0,True
180,/media/zj/f6835876-8873-4931-8383-70fe383c9b741/IDPss-output/preprocess_data_current_clean_300_model10v2_threshold50_65_78_20260605/180,True,True,35001,float32,True,7001x46,int64,True,7001x11,float32,True,7001x46x46,float32,True,7001x6,float32,True,46x55,float32,True,35001,int64,True,7001x46,int64,False,36.0,True
181,/media/zj/f6835876-8873-4931-8383-70fe383c9b741/IDPss-output/preprocess_data_current_clean_300_model10v2_threshold50_65_78_20260605/181,True,True,35001,float32,True,7001x46,int64,True,7001x11,float32,True,7001x46x46,float32,True,7001x6,float32,True,46x55,float32,True,35001,int64,True,7001x46,int64,False,36.0,True
182,/media/zj/f6835876-8873-4931-8383-70fe383c9b741/IDPss-output/preprocess_data_current_clean_300_model10v2_threshold50_65_78_20260605/182,True,True,35001,float32,True,7001x46,int64,True,7001x11,float32,True,7001x46x46,float32,True,7001x6,float32,True,46x55,float32,True,35001,int64,True,7001x46,int64,False,36.0,True
183,/media/zj/f6835876-8873-4931-8383-70fe383c9b741/IDPss-output/preprocess_data_current_clean_300_model10v2_threshold50_65_78_20260605/183,True,True,35001,float32,True,7001x46,int64,True,7001x11,float32,True,7001x46x46,float32,True,7001x6,float32,True,46x55,float32,True,35001,int64,True,7001x46,int64,False,36.0,True
184,/media/zj/f6835876-8873-4931-8383-70fe383c9b741/IDPss-output/preprocess_data_current_clean_300_model10v2_threshold50_65_78_20260605/184,True,True,35001,float32,True,7001x46,int64,True,7001x11,float32,True,7001x46x46,float32,True,7001x6,float32,True,46x55,float32,True,35001,int64,True,7001x46,int64,False,36.0,True
185,/media/zj/f6835876-8873-4931-8383-70fe383c9b741/IDPss-output/preprocess_data_current_clean_300_model10v2_threshold50_65_78_20260605/185,True,True,35001,float32,True,7001x46,int64,True,7001x11,float32,True,7001x46x46,float32,True,7001x6,float32,True,46x55,float32,True,35001,int64,True,7001x46,int64,False,36.0,True
186,/media/zj/f6835876-8873-4931-8383-70fe383c9b741/IDPss-output/preprocess_data_current_clean_300_model10v2_threshold50_65_78_20260605/186,True,True,35001,float32,True,7001x46,int64,True,7001x11,float32,True,7001x46x46,float32,True,7001x6,float32,True,46x55,float32,True,35001,int64,True,7001x46,int64,False,36.0,True
187,/media/zj/f6835876-8873-4931-8383-70fe383c9b741/IDPss-output/preprocess_data_current_clean_300_model10v2_threshold50_65_78_20260605/187,True,True,35001,float32,True,7001x46,int64,True,7001x11,float32,True,7001x46x46,float32,True,7001x6,float32,True,46x55,float32,True,35001,int64,True,7001x46,int64,False,36.0,True
188,/media/zj/f6835876-8873-4931-8383-70fe383c9b741/IDPss-output/preprocess_data_current_clean_300_model10v2_threshold50_65_78_20260605/188,True,True,35001,float32,True,7001x46,int64,True,7001x11,float32,True,7001x46x46,float32,True,7001x6,float32,True,46x55,float32,True,35001,int64,True,7001x46,int64,False,36.0,True
189,/media/zj/f6835876-8873-4931-8383-70fe383c9b741/IDPss-output/preprocess_data_current_clean_300_model10v2_threshold50_65_78_20260605/189,True,True,35001,float32,True,7001x46,int64,True,7001x11,float32,True,7001x46x46,float32,True,7001x6,float32,True,46x55,float32,True,35001,int64,True,7001x46,int64,False,36.0,True
190,/media/zj/f6835876-8873-4931-8383-70fe383c9b741/IDPss-output/preprocess_data_current_clean_300_model10v2_threshold50_65_78_20260605/190,True,True,35001,float32,True,7001x46,int64,True,7001x11,float32,True,7001x46x46,float32,True,7001x6,float32,True,46x55,float32,True,35001,int64,True,7001x46,int64,False,36.0,True
191,/media/zj/f6835876-8873-4931-8383-70fe383c9b741/IDPss-output/preprocess_data_current_clean_300_model10v2_threshold50_65_78_20260605/191,True,True,35001,float32,True,7001x46,int64,True,7001x11,float32,True,7001x46x46,float32,True,7001x6,float32,True,46x55,float32,True,35001,int64,True,7001x46,int64,False,36.0,True
192,/media/zj/f6835876-8873-4931-8383-70fe383c9b741/IDPss-output/preprocess_data_current_clean_300_model10v2_threshold50_65_78_20260605/192,True,True,35001,float32,True,7001x46,int64,True,7001x11,float32,True,7001x46x46,float32,True,7001x6,float32,True,46x55,float32,True,35001,int64,True,7001x46,int64,False,36.0,True
193,/media/zj/f6835876-8873-4931-8383-70fe383c9b741/IDPss-output/preprocess_data_current_clean_300_model10v2_threshold50_65_78_20260605/193,True,True,35001,float32,True,7001x46,int64,True,7001x11,float32,True,7001x46x46,float32,True,7001x6,float32,True,46x55,float32,True,35001,int64,True,7001x46,int64,False,36.0,True
194,/media/zj/f6835876-8873-4931-8383-70fe383c9b741/IDPss-output/preprocess_data_current_clean_300_model10v2_threshold50_65_78_20260605/194,True,True,35001,float32,True,7001x46,int64,True,7001x11,float32,True,7001x46x46,float32,True,7001x6,float32,True,46x55,float32,True,35001,int64,True,7001x46,int64,False,36.0,True
195,/media/zj/f6835876-8873-4931-8383-70fe383c9b741/IDPss-output/preprocess_data_current_clean_300_model10v2_threshold50_65_78_20260605/195,True,True,35001,float32,True,7001x46,int64,True,7001x11,float32,True,7001x46x46,float32,True,7001x6,float32,True,46x55,float32,True,35001,int64,True,7001x46,int64,False,36.0,True
196,/media/zj/f6835876-8873-4931-8383-70fe383c9b741/IDPss-output/preprocess_data_current_clean_300_model10v2_threshold50_65_78_20260605/196,True,True,35001,float32,True,7001x46,int64,True,7001x11,float32,True,7001x46x46,float32,True,7001x6,float32,True,46x55,float32,True,35001,int64,True,7001x46,int64,False,36.0,True
197,/media/zj/f6835876-8873-4931-8383-70fe383c9b741/IDPss-output/preprocess_data_current_clean_300_model10v2_threshold50_65_78_20260605/197,True,True,35001,float32,True,7001x46,int64,True,7001x11,float32,True,7001x46x46,float32,True,7001x6,float32,True,46x55,float32,True,35001,int64,True,7001x46,int64,False,36.0,True
198,/media/zj/f6835876-8873-4931-8383-70fe383c9b741/IDPss-output/preprocess_data_current_clean_300_model10v2_threshold50_65_78_20260605/198,True,True,35001,float32,True,7001x46,int64,True,7001x11,float32,True,7001x46x46,float32,True,7001x6,float32,True,46x55,float32,True,35001,int64,True,7001x46,int64,False,36.0,True
199,/media/zj/f6835876-8873-4931-8383-70fe383c9b741/IDPss-output/preprocess_data_current_clean_300_model10v2_threshold50_65_78_20260605/199,True,True,35001,float32,True,7001x46,int64,True,7001x11,float32,True,7001x46x46,float32,True,7001x6,float32,True,46x55,float32,True,35001,int64,True,7001x46,int64,False,36.0,True
200,/media/zj/f6835876-8873-4931-8383-70fe383c9b741/IDPss-output/preprocess_data_current_clean_300_model10v2_threshold50_65_78_20260605/200,True,True,35001,float32,True,7001x46,int64,True,7001x11,float32,True,7001x46x46,float32,True,7001x6,float32,True,46x55,float32,True,35001,int64,True,7001x46,int64,False,36.0,True
201,/media/zj/f6835876-8873-4931-8383-70fe383c9b741/IDPss-output/preprocess_data_current_clean_300_model10v2_threshold50_65_78_20260605/201,True,True,35001,float32,True,7001x46,int64,True,7001x11,float32,True,7001x46x46,float32,True,7001x6,float32,True,46x55,float32,True,35001,int64,True,7001x46,int64,False,36.0,True
202,/media/zj/f6835876-8873-4931-8383-70fe383c9b741/IDPss-output/preprocess_data_current_clean_300_model10v2_threshold50_65_78_20260605/202,True,True,35001,float32,True,7001x46,int64,True,7001x11,float32,True,7001x46x46,float32,True,7001x6,float32,True,46x55,float32,True,35001,int64,True,7001x46,int64,False,36.0,True
203,/media/zj/f6835876-8873-4931-8383-70fe383c9b741/IDPss-output/preprocess_data_current_clean_300_model10v2_threshold50_65_78_20260605/203,True,True,35001,float32,True,7001x46,int64,True,7001x11,float32,True,7001x46x46,float32,True,7001x6,float32,True,46x55,float32,True,35001,int64,True,7001x46,int64,False,36.0,True
204,/media/zj/f6835876-8873-4931-8383-70fe383c9b741/IDPss-output/preprocess_data_current_clean_300_model10v2_threshold50_65_78_20260605/204,True,True,35001,float32,True,7001x46,int64,True,7001x11,float32,True,7001x46x46,float32,True,7001x6,float32,True,46x55,float32,True,35001,int64,True,7001x46,int64,False,36.0,True
205,/media/zj/f6835876-8873-4931-8383-70fe383c9b741/IDPss-output/preprocess_data_current_clean_300_model10v2_threshold50_65_78_20260605/205,True,True,35001,float32,True,7001x46,int64,True,7001x11,float32,True,7001x46x46,float32,True,7001x6,float32,True,46x55,float32,True,35001,int64,True,7001x46,int64,False,36.0,True
206,/media/zj/f6835876-8873-4931-8383-70fe383c9b741/IDPss-output/preprocess_data_current_clean_300_model10v2_threshold50_65_78_20260605/206,True,True,35001,float32,True,7001x46,int64,True,7001x11,float32,True,7001x46x46,float32,True,7001x6,float32,True,46x55,float32,True,35001,int64,True,7001x46,int64,False,36.0,True
207,/media/zj/f6835876-8873-4931-8383-70fe383c9b741/IDPss-output/preprocess_data_current_clean_300_model10v2_threshold50_65_78_20260605/207,True,True,35001,float32,True,7001x46,int64,True,7001x11,float32,True,7001x46x46,float32,True,7001x6,float32,True,46x55,float32,True,35001,int64,True,7001x46,int64,False,36.0,True
208,/media/zj/f6835876-8873-4931-8383-70fe383c9b741/IDPss-output/preprocess_data_current_clean_300_model10v2_threshold50_65_78_20260605/208,True,True,35001,float32,True,7001x46,int64,True,7001x11,float32,True,7001x46x46,float32,True,7001x6,float32,True,46x55,float32,True,35001,int64,True,7001x46,int64,False,36.0,True
209,/media/zj/f6835876-8873-4931-8383-70fe383c9b741/IDPss-output/preprocess_data_current_clean_300_model10v2_threshold50_65_78_20260605/209,True,True,35001,float32,True,7001x46,int64,True,7001x11,float32,True,7001x46x46,float32,True,7001x6,float32,True,46x55,float32,True,35001,int64,True,7001x46,int64,False,36.0,True
210,/media/zj/f6835876-8873-4931-8383-70fe383c9b741/IDPss-output/preprocess_data_current_clean_300_model10v2_threshold50_65_78_20260605/210,True,True,35001,float32,True,7001x46,int64,True,7001x11,float32,True,7001x46x46,float32,True,7001x6,float32,True,46x55,float32,True,35001,int64,True,7001x46,int64,False,36.0,True
211,/media/zj/f6835876-8873-4931-8383-70fe383c9b741/IDPss-output/preprocess_data_current_clean_300_model10v2_threshold50_65_78_20260605/211,True,True,35001,float32,True,7001x46,int64,True,7001x11,float32,True,7001x46x46,float32,True,7001x6,float32,True,46x55,float32,True,35001,int64,True,7001x46,int64,False,36.0,True
212,/media/zj/f6835876-8873-4931-8383-70fe383c9b741/IDPss-output/preprocess_data_current_clean_300_model10v2_threshold50_65_78_20260605/212,True,True,35001,float32,True,7001x46,int64,True,7001x11,float32,True,7001x46x46,float32,True,7001x6,float32,True,46x55,float32,True,35001,int64,True,7001x46,int64,False,36.0,True
213,/media/zj/f6835876-8873-4931-8383-70fe383c9b741/IDPss-output/preprocess_data_current_clean_300_model10v2_threshold50_65_78_20260605/213,True,True,35001,float32,True,7001x46,int64,True,7001x11,float32,True,7001x46x46,float32,True,7001x6,float32,True,46x55,float32,True,35001,int64,True,7001x46,int64,False,36.0,True
214,/media/zj/f6835876-8873-4931-8383-70fe383c9b741/IDPss-output/preprocess_data_current_clean_300_model10v2_threshold50_65_78_20260605/214,True,True,40001,float32,True,8001x46,int64,True,8001x11,float32,True,8001x46x46,float32,True,8001x6,float32,True,46x55,float32,True,40001,int64,True,8001x46,int64,False,46.0,True
215,/media/zj/f6835876-8873-4931-8383-70fe383c9b741/IDPss-output/preprocess_data_current_clean_300_model10v2_threshold50_65_78_20260605/215,True,True,40001,float32,True,8001x46,int64,True,8001x11,float32,True,8001x46x46,float32,True,8001x6,float32,True,46x55,float32,True,40001,int64,True,8001x46,int64,False,46.0,True
216,/media/zj/f6835876-8873-4931-8383-70fe383c9b741/IDPss-output/preprocess_data_current_clean_300_model10v2_threshold50_65_78_20260605/216,True,True,43001,float32,True,8601x46,int64,True,8601x11,float32,True,8601x46x46,float32,True,8601x6,float32,True,46x55,float32,True,43001,int64,True,8601x46,int64,False,46.0,True
217,/media/zj/f6835876-8873-4931-8383-70fe383c9b741/IDPss-output/preprocess_data_current_clean_300_model10v2_threshold50_65_78_20260605/217,True,True,43001,float32,True,8601x46,int64,True,8601x11,float32,True,8601x46x46,float32,True,8601x6,float32,True,46x55,float32,True,43001,int64,True,8601x46,int64,False,46.0,True
218,/media/zj/f6835876-8873-4931-8383-70fe383c9b741/IDPss-output/preprocess_data_current_clean_300_model10v2_threshold50_65_78_20260605/218,True,True,45001,float32,True,9000x46,int64,True,9000x11,float32,True,9000x46x46,float32,True,9000x6,float32,True,46x55,float32,True,45001,int64,True,9000x46,int64,False,46.0,True
219,/media/zj/f6835876-8873-4931-8383-70fe383c9b741/IDPss-output/preprocess_data_current_clean_300_model10v2_threshold50_65_78_20260605/219,True,True,42501,float32,True,8501x46,int64,True,8501x11,float32,True,8501x46x46,float32,True,8501x6,float32,True,46x55,float32,True,42501,int64,True,8501x46,int64,False,46.0,True
220,/media/zj/f6835876-8873-4931-8383-70fe383c9b741/IDPss-output/preprocess_data_current_clean_300_model10v2_threshold50_65_78_20260605/220,True,True,42501,float32,True,8501x46,int64,True,8501x11,float32,True,8501x46x46,float32,True,8501x6,float32,True,46x55,float32,True,42501,int64,True,8501x46,int64,False,46.0,True
221,/media/zj/f6835876-8873-4931-8383-70fe383c9b741/IDPss-output/preprocess_data_current_clean_300_model10v2_threshold50_65_78_20260605/221,True,True,42501,float32,True,8501x46,int64,True,8501x11,float32,True,8501x46x46,float32,True,8501x6,float32,True,46x55,float32,True,42501,int64,True,8501x46,int64,False,46.0,True
222,/media/zj/f6835876-8873-4931-8383-70fe383c9b741/IDPss-output/preprocess_data_current_clean_300_model10v2_threshold50_65_78_20260605/222,True,True,42501,float32,True,8501x46,int64,True,8501x11,float32,True,8501x46x46,float32,True,8501x6,float32,True,46x55,float32,True,42501,int64,True,8501x46,int64,False,46.0,True
223,/media/zj/f6835876-8873-4931-8383-70fe383c9b741/IDPss-output/preprocess_data_current_clean_300_model10v2_threshold50_65_78_20260605/223,True,True,42501,float32,True,8501x46,int64,True,8501x11,float32,True,8501x46x46,float32,True,8501x6,float32,True,46x55,float32,True,42501,int64,True,8501x46,int64,False,46.0,True
224,/media/zj/f6835876-8873-4931-8383-70fe383c9b741/IDPss-output/preprocess_data_current_clean_300_model10v2_threshold50_65_78_20260605/224,True,True,42501,float32,True,8501x46,int64,True,8501x11,float32,True,8501x46x46,float32,True,8501x6,float32,True,46x55,float32,True,42501,int64,True,8501x46,int64,False,46.0,True
225,/media/zj/f6835876-8873-4931-8383-70fe383c9b741/IDPss-output/preprocess_data_current_clean_300_model10v2_threshold50_65_78_20260605/225,True,True,42501,float32,True,8501x46,int64,True,8501x11,float32,True,8501x46x46,float32,True,8501x6,float32,True,46x55,float32,True,42501,int64,True,8501x46,int64,False,46.0,True
226,/media/zj/f6835876-8873-4931-8383-70fe383c9b741/IDPss-output/preprocess_data_current_clean_300_model10v2_threshold50_65_78_20260605/226,True,True,42501,float32,True,8501x46,int64,True,8501x11,float32,True,8501x46x46,float32,True,8501x6,float32,True,46x55,float32,True,42501,int64,True,8501x46,int64,False,46.0,True
227,/media/zj/f6835876-8873-4931-8383-70fe383c9b741/IDPss-output/preprocess_data_current_clean_300_model10v2_threshold50_65_78_20260605/227,True,True,42501,float32,True,8501x46,int64,True,8501x11,float32,True,8501x46x46,float32,True,8501x6,float32,True,46x55,float32,True,42501,int64,True,8501x46,int64,False,46.0,True
228,/media/zj/f6835876-8873-4931-8383-70fe383c9b741/IDPss-output/preprocess_data_current_clean_300_model10v2_threshold50_65_78_20260605/228,True,True,42501,float32,True,8501x46,int64,True,8501x11,float32,True,8501x46x46,float32,True,8501x6,float32,True,46x55,float32,True,42501,int64,True,8501x46,int64,False,46.0,True
229,/media/zj/f6835876-8873-4931-8383-70fe383c9b741/IDPss-output/preprocess_data_current_clean_300_model10v2_threshold50_65_78_20260605/229,True,True,42501,float32,True,8501x46,int64,True,8501x11,float32,True,8501x46x46,float32,True,8501x6,float32,True,46x55,float32,True,42501,int64,True,8501x46,int64,False,46.0,True
230,/media/zj/f6835876-8873-4931-8383-70fe383c9b741/IDPss-output/preprocess_data_current_clean_300_model10v2_threshold50_65_78_20260605/230,True,True,42501,float32,True,8501x46,int64,True,8501x11,float32,True,8501x46x46,float32,True,8501x6,float32,True,46x55,float32,True,42501,int64,True,8501x46,int64,False,46.0,True
231,/media/zj/f6835876-8873-4931-8383-70fe383c9b741/IDPss-output/preprocess_data_current_clean_300_model10v2_threshold50_65_78_20260605/231,True,True,42501,float32,True,8501x46,int64,True,8501x11,float32,True,8501x46x46,float32,True,8501x6,float32,True,46x55,float32,True,42501,int64,True,8501x46,int64,False,46.0,True
232,/media/zj/f6835876-8873-4931-8383-70fe383c9b741/IDPss-output/preprocess_data_current_clean_300_model10v2_threshold50_65_78_20260605/232,True,True,42501,float32,True,7979x46,int64,True,7979x11,float32,True,7979x46x46,float32,True,7979x6,float32,True,46x55,float32,True,42501,int64,True,7979x46,int64,False,46.0,True
233,/media/zj/f6835876-8873-4931-8383-70fe383c9b741/IDPss-output/preprocess_data_current_clean_300_model10v2_threshold50_65_78_20260605/233,True,True,42501,float32,True,8501x46,int64,True,8501x11,float32,True,8501x46x46,float32,True,8501x6,float32,True,46x55,float32,True,42501,int64,True,8501x46,int64,False,46.0,True
234,/media/zj/f6835876-8873-4931-8383-70fe383c9b741/IDPss-output/preprocess_data_current_clean_300_model10v2_threshold50_65_78_20260605/234,True,True,42501,float32,True,8501x46,int64,True,8501x11,float32,True,8501x46x46,float32,True,8501x6,float32,True,46x55,float32,True,42501,int64,True,8501x46,int64,False,46.0,True
235,/media/zj/f6835876-8873-4931-8383-70fe383c9b741/IDPss-output/preprocess_data_current_clean_300_model10v2_threshold50_65_78_20260605/235,True,True,42501,float32,True,8501x46,int64,True,8501x11,float32,True,8501x46x46,float32,True,8501x6,float32,True,46x55,float32,True,42501,int64,True,8501x46,int64,False,46.0,True
236,/media/zj/f6835876-8873-4931-8383-70fe383c9b741/IDPss-output/preprocess_data_current_clean_300_model10v2_threshold50_65_78_20260605/236,True,True,42501,float32,True,8501x46,int64,True,8501x11,float32,True,8501x46x46,float32,True,8501x6,float32,True,46x55,float32,True,42501,int64,True,8501x46,int64,False,46.0,True
237,/media/zj/f6835876-8873-4931-8383-70fe383c9b741/IDPss-output/preprocess_data_current_clean_300_model10v2_threshold50_65_78_20260605/237,True,True,42501,float32,True,8501x46,int64,True,8501x11,float32,True,8501x46x46,float32,True,8501x6,float32,True,46x55,float32,True,42501,int64,True,8501x46,int64,False,46.0,True
238,/media/zj/f6835876-8873-4931-8383-70fe383c9b741/IDPss-output/preprocess_data_current_clean_300_model10v2_threshold50_65_78_20260605/238,True,True,42501,float32,True,8501x46,int64,True,8501x11,float32,True,8501x46x46,float32,True,8501x6,float32,True,46x55,float32,True,42501,int64,True,8501x46,int64,False,46.0,True
239,/media/zj/f6835876-8873-4931-8383-70fe383c9b741/IDPss-output/preprocess_data_current_clean_300_model10v2_threshold50_65_78_20260605/239,True,True,42501,float32,True,8501x46,int64,True,8501x11,float32,True,8501x46x46,float32,True,8501x6,float32,True,46x55,float32,True,42501,int64,True,8501x46,int64,False,46.0,True
240,/media/zj/f6835876-8873-4931-8383-70fe383c9b741/IDPss-output/preprocess_data_current_clean_300_model10v2_threshold50_65_78_20260605/240,True,True,42501,float32,True,8501x46,int64,True,8501x11,float32,True,8501x46x46,float32,True,8501x6,float32,True,46x55,float32,True,42501,int64,True,8501x46,int64,False,46.0,True
241,/media/zj/f6835876-8873-4931-8383-70fe383c9b741/IDPss-output/preprocess_data_current_clean_300_model10v2_threshold50_65_78_20260605/241,True,True,42501,float32,True,8501x46,int64,True,8501x11,float32,True,8501x46x46,float32,True,8501x6,float32,True,46x55,float32,True,42501,int64,True,8501x46,int64,False,46.0,True
242,/media/zj/f6835876-8873-4931-8383-70fe383c9b741/IDPss-output/preprocess_data_current_clean_300_model10v2_threshold50_65_78_20260605/242,True,True,42501,float32,True,8501x46,int64,True,8501x11,float32,True,8501x46x46,float32,True,8501x6,float32,True,46x55,float32,True,42501,int64,True,8501x46,int64,False,46.0,True
243,/media/zj/f6835876-8873-4931-8383-70fe383c9b741/IDPss-output/preprocess_data_current_clean_300_model10v2_threshold50_65_78_20260605/243,True,True,42501,float32,True,8501x46,int64,True,8501x11,float32,True,8501x46x46,float32,True,8501x6,float32,True,46x55,float32,True,42501,int64,True,8501x46,int64,False,46.0,True
244,/media/zj/f6835876-8873-4931-8383-70fe383c9b741/IDPss-output/preprocess_data_current_clean_300_model10v2_threshold50_65_78_20260605/244,True,True,42501,float32,True,8501x46,int64,True,8501x11,float32,True,8501x46x46,float32,True,8501x6,float32,True,46x55,float32,True,42501,int64,True,8501x46,int64,False,46.0,True
245,/media/zj/f6835876-8873-4931-8383-70fe383c9b741/IDPss-output/preprocess_data_current_clean_300_model10v2_threshold50_65_78_20260605/245,True,True,42501,float32,True,8501x46,int64,True,8501x11,float32,True,8501x46x46,float32,True,8501x6,float32,True,46x55,float32,True,42501,int64,True,8501x46,int64,False,46.0,True
246,/media/zj/f6835876-8873-4931-8383-70fe383c9b741/IDPss-output/preprocess_data_current_clean_300_model10v2_threshold50_65_78_20260605/246,True,True,42501,float32,True,8501x46,int64,True,8501x11,float32,True,8501x46x46,float32,True,8501x6,float32,True,46x55,float32,True,42501,int64,True,8501x46,int64,False,46.0,True
247,/media/zj/f6835876-8873-4931-8383-70fe383c9b741/IDPss-output/preprocess_data_current_clean_300_model10v2_threshold50_65_78_20260605/247,True,True,42501,float32,True,8501x46,int64,True,8501x11,float32,True,8501x46x46,float32,True,8501x6,float32,True,46x55,float32,True,42501,int64,True,8501x46,int64,False,46.0,True
248,/media/zj/f6835876-8873-4931-8383-70fe383c9b741/IDPss-output/preprocess_data_current_clean_300_model10v2_threshold50_65_78_20260605/248,True,True,42501,float32,True,8501x46,int64,True,8501x11,float32,True,8501x46x46,float32,True,8501x6,float32,True,46x55,float32,True,42501,int64,True,8501x46,int64,False,46.0,True
249,/media/zj/f6835876-8873-4931-8383-70fe383c9b741/IDPss-output/preprocess_data_current_clean_300_model10v2_threshold50_65_78_20260605/249,True,True,42501,float32,True,8501x46,int64,True,8501x11,float32,True,8501x46x46,float32,True,8501x6,float32,True,46x55,float32,True,42501,int64,True,8501x46,int64,False,46.0,True
250,/media/zj/f6835876-8873-4931-8383-70fe383c9b741/IDPss-output/preprocess_data_current_clean_300_model10v2_threshold50_65_78_20260605/250,True,True,42501,float32,True,8501x46,int64,True,8501x11,float32,True,8501x46x46,float32,True,8501x6,float32,True,46x55,float32,True,42501,int64,True,8501x46,int64,False,46.0,True
251,/media/zj/f6835876-8873-4931-8383-70fe383c9b741/IDPss-output/preprocess_data_current_clean_300_model10v2_threshold50_65_78_20260605/251,True,True,42501,float32,True,8501x46,int64,True,8501x11,float32,True,8501x46x46,float32,True,8501x6,float32,True,46x55,float32,True,42501,int64,True,8501x46,int64,False,46.0,True
252,/media/zj/f6835876-8873-4931-8383-70fe383c9b741/IDPss-output/preprocess_data_current_clean_300_model10v2_threshold50_65_78_20260605/252,True,True,42501,float32,True,8501x46,int64,True,8501x11,float32,True,8501x46x46,float32,True,8501x6,float32,True,46x55,float32,True,42501,int64,True,8501x46,int64,False,46.0,True
253,/media/zj/f6835876-8873-4931-8383-70fe383c9b741/IDPss-output/preprocess_data_current_clean_300_model10v2_threshold50_65_78_20260605/253,True,True,42501,float32,True,8501x46,int64,True,8501x11,float32,True,8501x46x46,float32,True,8501x6,float32,True,46x55,float32,True,42501,int64,True,8501x46,int64,False,46.0,True
254,/media/zj/f6835876-8873-4931-8383-70fe383c9b741/IDPss-output/preprocess_data_current_clean_300_model10v2_threshold50_65_78_20260605/254,True,True,42501,float32,True,8501x46,int64,True,8501x11,float32,True,8501x46x46,float32,True,8501x6,float32,True,46x55,float32,True,42501,int64,True,8501x46,int64,False,46.0,True
255,/media/zj/f6835876-8873-4931-8383-70fe383c9b741/IDPss-output/preprocess_data_current_clean_300_model10v2_threshold50_65_78_20260605/255,True,True,42501,float32,True,8501x46,int64,True,8501x11,float32,True,8501x46x46,float32,True,8501x6,float32,True,46x55,float32,True,42501,int64,True,8501x46,int64,False,46.0,True
256,/media/zj/f6835876-8873-4931-8383-70fe383c9b741/IDPss-output/preprocess_data_current_clean_300_model10v2_threshold50_65_78_20260605/256,True,True,42501,float32,True,8501x46,int64,True,8501x11,float32,True,8501x46x46,float32,True,8501x6,float32,True,46x55,float32,True,42501,int64,True,8501x46,int64,False,46.0,True
257,/media/zj/f6835876-8873-4931-8383-70fe383c9b741/IDPss-output/preprocess_data_current_clean_300_model10v2_threshold50_65_78_20260605/257,True,True,42501,float32,True,8501x46,int64,True,8501x11,float32,True,8501x46x46,float32,True,8501x6,float32,True,46x55,float32,True,42501,int64,True,8501x46,int64,False,46.0,True
258,/media/zj/f6835876-8873-4931-8383-70fe383c9b741/IDPss-output/preprocess_data_current_clean_300_model10v2_threshold50_65_78_20260605/258,True,True,42501,float32,True,8501x46,int64,True,8501x11,float32,True,8501x46x46,float32,True,8501x6,float32,True,46x55,float32,True,42501,int64,True,8501x46,int64,False,46.0,True
259,/media/zj/f6835876-8873-4931-8383-70fe383c9b741/IDPss-output/preprocess_data_current_clean_300_model10v2_threshold50_65_78_20260605/259,True,True,42501,float32,True,8501x46,int64,True,8501x11,float32,True,8501x46x46,float32,True,8501x6,float32,True,46x55,float32,True,42501,int64,True,8501x46,int64,False,46.0,True
260,/media/zj/f6835876-8873-4931-8383-70fe383c9b741/IDPss-output/preprocess_data_current_clean_300_model10v2_threshold50_65_78_20260605/260,True,True,42501,float32,True,8501x46,int64,True,8501x11,float32,True,8501x46x46,float32,True,8501x6,float32,True,46x55,float32,True,42501,int64,True,8501x46,int64,False,46.0,True
261,/media/zj/f6835876-8873-4931-8383-70fe383c9b741/IDPss-output/preprocess_data_current_clean_300_model10v2_threshold50_65_78_20260605/261,True,True,42501,float32,True,8501x46,int64,True,8501x11,float32,True,8501x46x46,float32,True,8501x6,float32,True,46x55,float32,True,42501,int64,True,8501x46,int64,False,46.0,True
262,/media/zj/f6835876-8873-4931-8383-70fe383c9b741/IDPss-output/preprocess_data_current_clean_300_model10v2_threshold50_65_78_20260605/262,True,True,42501,float32,True,8501x46,int64,True,8501x11,float32,True,8501x46x46,float32,True,8501x6,float32,True,46x55,float32,True,42501,int64,True,8501x46,int64,False,46.0,True
263,/media/zj/f6835876-8873-4931-8383-70fe383c9b741/IDPss-output/preprocess_data_current_clean_300_model10v2_threshold50_65_78_20260605/263,True,True,42501,float32,True,8501x46,int64,True,8501x11,float32,True,8501x46x46,float32,True,8501x6,float32,True,46x55,float32,True,42501,int64,True,8501x46,int64,False,46.0,True
264,/media/zj/f6835876-8873-4931-8383-70fe383c9b741/IDPss-output/preprocess_data_current_clean_300_model10v2_threshold50_65_78_20260605/264,True,True,42501,float32,True,8501x46,int64,True,8501x11,float32,True,8501x46x46,float32,True,8501x6,float32,True,46x55,float32,True,42501,int64,True,8501x46,int64,False,46.0,True
265,/media/zj/f6835876-8873-4931-8383-70fe383c9b741/IDPss-output/preprocess_data_current_clean_300_model10v2_threshold50_65_78_20260605/265,True,True,42501,float32,True,8501x46,int64,True,8501x11,float32,True,8501x46x46,float32,True,8501x6,float32,True,46x55,float32,True,42501,int64,True,8501x46,int64,False,46.0,True
266,/media/zj/f6835876-8873-4931-8383-70fe383c9b741/IDPss-output/preprocess_data_current_clean_300_model10v2_threshold50_65_78_20260605/266,True,True,42501,float32,True,8501x46,int64,True,8501x11,float32,True,8501x46x46,float32,True,8501x6,float32,True,46x55,float32,True,42501,int64,True,8501x46,int64,False,46.0,True
267,/media/zj/f6835876-8873-4931-8383-70fe383c9b741/IDPss-output/preprocess_data_current_clean_300_model10v2_threshold50_65_78_20260605/267,True,True,42501,float32,True,8501x46,int64,True,8501x11,float32,True,8501x46x46,float32,True,8501x6,float32,True,46x55,float32,True,42501,int64,True,8501x46,int64,False,46.0,True
268,/media/zj/f6835876-8873-4931-8383-70fe383c9b741/IDPss-output/preprocess_data_current_clean_300_model10v2_threshold50_65_78_20260605/268,True,True,42501,float32,True,8501x46,int64,True,8501x11,float32,True,8501x46x46,float32,True,8501x6,float32,True,46x55,float32,True,42501,int64,True,8501x46,int64,False,46.0,True
269,/media/zj/f6835876-8873-4931-8383-70fe383c9b741/IDPss-output/preprocess_data_current_clean_300_model10v2_threshold50_65_78_20260605/269,True,True,42501,float32,True,8501x46,int64,True,8501x11,float32,True,8501x46x46,float32,True,8501x6,float32,True,46x55,float32,True,42501,int64,True,8501x46,int64,False,46.0,True
270,/media/zj/f6835876-8873-4931-8383-70fe383c9b741/IDPss-output/preprocess_data_current_clean_300_model10v2_threshold50_65_78_20260605/270,True,True,42501,float32,True,8501x46,int64,True,8501x11,float32,True,8501x46x46,float32,True,8501x6,float32,True,46x55,float32,True,42501,int64,True,8501x46,int64,False,46.0,True
271,/media/zj/f6835876-8873-4931-8383-70fe383c9b741/IDPss-output/preprocess_data_current_clean_300_model10v2_threshold50_65_78_20260605/271,True,True,42501,float32,True,8501x46,int64,True,8501x11,float32,True,8501x46x46,float32,True,8501x6,float32,True,46x55,float32,True,42501,int64,True,8501x46,int64,False,46.0,True
272,/media/zj/f6835876-8873-4931-8383-70fe383c9b741/IDPss-output/preprocess_data_current_clean_300_model10v2_threshold50_65_78_20260605/272,True,True,42501,float32,True,8501x46,int64,True,8501x11,float32,True,8501x46x46,float32,True,8501x6,float32,True,46x55,float32,True,42501,int64,True,8501x46,int64,False,46.0,True
273,/media/zj/f6835876-8873-4931-8383-70fe383c9b741/IDPss-output/preprocess_data_current_clean_300_model10v2_threshold50_65_78_20260605/273,True,True,42501,float32,True,8501x46,int64,True,8501x11,float32,True,8501x46x46,float32,True,8501x6,float32,True,46x55,float32,True,42501,int64,True,8501x46,int64,False,46.0,True
274,/media/zj/f6835876-8873-4931-8383-70fe383c9b741/IDPss-output/preprocess_data_current_clean_300_model10v2_threshold50_65_78_20260605/274,True,True,42501,float32,True,8501x46,int64,True,8501x11,float32,True,8501x46x46,float32,True,8501x6,float32,True,46x55,float32,True,42501,int64,True,8501x46,int64,False,46.0,True
275,/media/zj/f6835876-8873-4931-8383-70fe383c9b741/IDPss-output/preprocess_data_current_clean_300_model10v2_threshold50_65_78_20260605/275,True,True,42501,float32,True,8501x46,int64,True,8501x11,float32,True,8501x46x46,float32,True,8501x6,float32,True,46x55,float32,True,42501,int64,True,8501x46,int64,False,46.0,True
276,/media/zj/f6835876-8873-4931-8383-70fe383c9b741/IDPss-output/preprocess_data_current_clean_300_model10v2_threshold50_65_78_20260605/276,True,True,42501,float32,True,8501x46,int64,True,8501x11,float32,True,8501x46x46,float32,True,8501x6,float32,True,46x55,float32,True,42501,int64,True,8501x46,int64,False,46.0,True
277,/media/zj/f6835876-8873-4931-8383-70fe383c9b741/IDPss-output/preprocess_data_current_clean_300_model10v2_threshold50_65_78_20260605/277,True,True,42501,float32,True,8501x46,int64,True,8501x11,float32,True,8501x46x46,float32,True,8501x6,float32,True,46x55,float32,True,42501,int64,True,8501x46,int64,False,46.0,True
278,/media/zj/f6835876-8873-4931-8383-70fe383c9b741/IDPss-output/preprocess_data_current_clean_300_model10v2_threshold50_65_78_20260605/278,True,True,42501,float32,True,8501x46,int64,True,8501x11,float32,True,8501x46x46,float32,True,8501x6,float32,True,46x55,float32,True,42501,int64,True,8501x46,int64,False,46.0,True
279,/media/zj/f6835876-8873-4931-8383-70fe383c9b741/IDPss-output/preprocess_data_current_clean_300_model10v2_threshold50_65_78_20260605/279,True,True,42501,float32,True,8501x46,int64,True,8501x11,float32,True,8501x46x46,float32,True,8501x6,float32,True,46x55,float32,True,42501,int64,True,8501x46,int64,False,46.0,True
280,/media/zj/f6835876-8873-4931-8383-70fe383c9b741/IDPss-output/preprocess_data_current_clean_300_model10v2_threshold50_65_78_20260605/280,True,True,42501,float32,True,8501x46,int64,True,8501x11,float32,True,8501x46x46,float32,True,8501x6,float32,True,46x55,float32,True,42501,int64,True,8501x46,int64,False,46.0,True
281,/media/zj/f6835876-8873-4931-8383-70fe383c9b741/IDPss-output/preprocess_data_current_clean_300_model10v2_threshold50_65_78_20260605/281,True,True,42501,float32,True,8501x46,int64,True,8501x11,float32,True,8501x46x46,float32,True,8501x6,float32,True,46x55,float32,True,42501,int64,True,8501x46,int64,False,46.0,True
282,/media/zj/f6835876-8873-4931-8383-70fe383c9b741/IDPss-output/preprocess_data_current_clean_300_model10v2_threshold50_65_78_20260605/282,True,True,42501,float32,True,8501x46,int64,True,8501x11,float32,True,8501x46x46,float32,True,8501x6,float32,True,46x55,float32,True,42501,int64,True,8501x46,int64,False,46.0,True
283,/media/zj/f6835876-8873-4931-8383-70fe383c9b741/IDPss-output/preprocess_data_current_clean_300_model10v2_threshold50_65_78_20260605/283,True,True,42501,float32,True,8501x46,int64,True,8501x11,float32,True,8501x46x46,float32,True,8501x6,float32,True,46x55,float32,True,42501,int64,True,8501x46,int64,False,46.0,True
284,/media/zj/f6835876-8873-4931-8383-70fe383c9b741/IDPss-output/preprocess_data_current_clean_300_model10v2_threshold50_65_78_20260605/284,True,True,42501,float32,True,8501x46,int64,True,8501x11,float32,True,8501x46x46,float32,True,8501x6,float32,True,46x55,float32,True,42501,int64,True,8501x46,int64,False,46.0,True
285,/media/zj/f6835876-8873-4931-8383-70fe383c9b741/IDPss-output/preprocess_data_current_clean_300_model10v2_threshold50_65_78_20260605/285,True,True,42501,float32,True,8501x46,int64,True,8501x11,float32,True,8501x46x46,float32,True,8501x6,float32,True,46x55,float32,True,42501,int64,True,8501x46,int64,False,46.0,True
286,/media/zj/f6835876-8873-4931-8383-70fe383c9b741/IDPss-output/preprocess_data_current_clean_300_model10v2_threshold50_65_78_20260605/286,True,True,42501,float32,True,8501x46,int64,True,8501x11,float32,True,8501x46x46,float32,True,8501x6,float32,True,46x55,float32,True,42501,int64,True,8501x46,int64,False,46.0,True
287,/media/zj/f6835876-8873-4931-8383-70fe383c9b741/IDPss-output/preprocess_data_current_clean_300_model10v2_threshold50_65_78_20260605/287,True,True,42501,float32,True,8501x46,int64,True,8501x11,float32,True,8501x46x46,float32,True,8501x6,float32,True,46x55,float32,True,42501,int64,True,8501x46,int64,False,46.0,True
288,/media/zj/f6835876-8873-4931-8383-70fe383c9b741/IDPss-output/preprocess_data_current_clean_300_model10v2_threshold50_65_78_20260605/288,True,True,42501,float32,True,8501x46,int64,True,8501x11,float32,True,8501x46x46,float32,True,8501x6,float32,True,46x55,float32,True,42501,int64,True,8501x46,int64,False,46.0,True
289,/media/zj/f6835876-8873-4931-8383-70fe383c9b741/IDPss-output/preprocess_data_current_clean_300_model10v2_threshold50_65_78_20260605/289,True,True,42501,float32,True,8501x46,int64,True,8501x11,float32,True,8501x46x46,float32,True,8501x6,float32,True,46x55,float32,True,42501,int64,True,8501x46,int64,False,46.0,True
290,/media/zj/f6835876-8873-4931-8383-70fe383c9b741/IDPss-output/preprocess_data_current_clean_300_model10v2_threshold50_65_78_20260605/290,True,True,42501,float32,True,8501x46,int64,True,8501x11,float32,True,8501x46x46,float32,True,8501x6,float32,True,46x55,float32,True,42501,int64,True,8501x46,int64,False,46.0,True
291,/media/zj/f6835876-8873-4931-8383-70fe383c9b741/IDPss-output/preprocess_data_current_clean_300_model10v2_threshold50_65_78_20260605/291,True,True,42501,float32,True,8501x46,int64,True,8501x11,float32,True,8501x46x46,float32,True,8501x6,float32,True,46x55,float32,True,42501,int64,True,8501x46,int64,False,46.0,True
292,/media/zj/f6835876-8873-4931-8383-70fe383c9b741/IDPss-output/preprocess_data_current_clean_300_model10v2_threshold50_65_78_20260605/292,True,True,42501,float32,True,8501x46,int64,True,8501x11,float32,True,8501x46x46,float32,True,8501x6,float32,True,46x55,float32,True,42501,int64,True,8501x46,int64,False,46.0,True
293,/media/zj/f6835876-8873-4931-8383-70fe383c9b741/IDPss-output/preprocess_data_current_clean_300_model10v2_threshold50_65_78_20260605/293,True,True,42501,float32,True,8501x46,int64,True,8501x11,float32,True,8501x46x46,float32,True,8501x6,float32,True,46x55,float32,True,42501,int64,True,8501x46,int64,False,46.0,True
294,/media/zj/f6835876-8873-4931-8383-70fe383c9b741/IDPss-output/preprocess_data_current_clean_300_model10v2_threshold50_65_78_20260605/294,True,True,42501,float32,True,8501x46,int64,True,8501x11,float32,True,8501x46x46,float32,True,8501x6,float32,True,46x55,float32,True,42501,int64,True,8501x46,int64,False,46.0,True
295,/media/zj/f6835876-8873-4931-8383-70fe383c9b741/IDPss-output/preprocess_data_current_clean_300_model10v2_threshold50_65_78_20260605/295,True,True,42501,float32,True,8501x46,int64,True,8501x11,float32,True,8501x46x46,float32,True,8501x6,float32,True,46x55,float32,True,42501,int64,True,8501x46,int64,False,46.0,True
296,/media/zj/f6835876-8873-4931-8383-70fe383c9b741/IDPss-output/preprocess_data_current_clean_300_model10v2_threshold50_65_78_20260605/296,True,True,42501,float32,True,8501x46,int64,True,8501x11,float32,True,8501x46x46,float32,True,8501x6,float32,True,46x55,float32,True,42501,int64,True,8501x46,int64,False,46.0,True
297,/media/zj/f6835876-8873-4931-8383-70fe383c9b741/IDPss-output/preprocess_data_current_clean_300_model10v2_threshold50_65_78_20260605/297,True,True,42501,float32,True,8501x46,int64,True,8501x11,float32,True,8501x46x46,float32,True,8501x6,float32,True,46x55,float32,True,42501,int64,True,8501x46,int64,False,46.0,True
298,/media/zj/f6835876-8873-4931-8383-70fe383c9b741/IDPss-output/preprocess_data_current_clean_300_model10v2_threshold50_65_78_20260605/298,True,True,42501,float32,True,8501x46,int64,True,8501x11,float32,True,8501x46x46,float32,True,8501x6,float32,True,46x55,float32,True,42501,int64,True,8501x46,int64,False,46.0,True
299,/media/zj/f6835876-8873-4931-8383-70fe383c9b741/IDPss-output/preprocess_data_current_clean_300_model10v2_threshold50_65_78_20260605/299,True,True,42501,float32,True,8501x46,int64,True,8501x11,float32,True,8501x46x46,float32,True,8501x6,float32,True,46x55,float32,True,42501,int64,True,8501x46,int64,False,46.0,True
tables,/media/zj/f6835876-8873-4931-8383-70fe383c9b741/IDPss-output/preprocess_data_current_clean_300_model10v2_threshold50_65_78_20260605/tables,True,False,,,False,,,False,,,False,,,False,,,False,,,False,,,False,,,False,,False
